{"v":"5.6.6","fr":25,"ip":0,"op":149,"w":1280,"h":976,"nm":"Untitled-1","ddd":0,"assets":[],"layers":[{"ddd":0,"ind":1,"ty":4,"nm":"HAAR VOOR Outlines","parent":10,"sr":1,"ks":{"o":{"a":0,"k":100,"ix":11},"r":{"a":0,"k":0,"ix":10},"p":{"a":0,"k":[640,360,0],"ix":2},"a":{"a":0,"k":[640,360,0],"ix":1},"s":{"a":0,"k":[100,100,100],"ix":6}},"ao":0,"shapes":[{"ty":"gr","it":[{"ind":0,"ty":"sh","ix":1,"ks":{"a":1,"k":[{"i":{"x":0.833,"y":0.833},"o":{"x":0.167,"y":0.167},"t":0,"s":[{"i":[[0,0],[9.729,25.037]],"o":[[-34.592,22.973],[0,0]],"v":[[-8.452,-17.858],[33.315,-7.179]],"c":false}]},{"i":{"x":0.833,"y":0.833},"o":{"x":0.167,"y":0.167},"t":53,"s":[{"i":[[0,0],[-4.416,24.961]],"o":[[-34.592,22.973],[0,0]],"v":[[-18.573,-14.723],[33.315,-7.179]],"c":false}]},{"t":148,"s":[{"i":[[0,0],[9.729,25.037]],"o":[[-34.592,22.973],[0,0]],"v":[[-8.452,-17.858],[33.315,-7.179]],"c":false}]}],"ix":2},"nm":"Path 1","mn":"ADBE Vector Shape - Group","hd":false},{"ty":"st","c":{"a":0,"k":[0.481999984442,0.438999998803,0.19199999641,1],"ix":3},"o":{"a":0,"k":100,"ix":4},"w":{"a":0,"k":0.638,"ix":5},"lc":2,"lj":1,"ml":10,"bm":0,"nm":"Stroke 1","mn":"ADBE Vector Graphic - Stroke","hd":false},{"ty":"tr","p":{"a":0,"k":[622.272,196.808],"ix":2},"a":{"a":0,"k":[0,0],"ix":1},"s":{"a":0,"k":[100,100],"ix":3},"r":{"a":0,"k":0,"ix":6},"o":{"a":0,"k":100,"ix":7},"sk":{"a":0,"k":0,"ix":4},"sa":{"a":0,"k":0,"ix":5},"nm":"Transform"}],"nm":"Group 3","np":2,"cix":2,"bm":0,"ix":3,"mn":"ADBE Vector Group","hd":false},{"ty":"gr","it":[{"ind":0,"ty":"sh","ix":1,"ks":{"a":1,"k":[{"i":{"x":0.833,"y":0.833},"o":{"x":0.167,"y":0.167},"t":0,"s":[{"i":[[0,0],[-18.534,-14.239]],"o":[[-9.811,-9.255],[0,0]],"v":[[-13.861,18.51],[23.673,-4.271]],"c":false}]},{"i":{"x":0.833,"y":0.833},"o":{"x":0.167,"y":0.167},"t":53,"s":[{"i":[[0,0],[-24.5,-17.83]],"o":[[-22.323,-17.63],[0,0]],"v":[[-2.269,16.18],[30.994,-13.012]],"c":false}]},{"t":148,"s":[{"i":[[0,0],[-18.534,-14.239]],"o":[[-9.811,-9.255],[0,0]],"v":[[-13.861,18.51],[23.673,-4.271]],"c":false}]}],"ix":2},"nm":"Path 1","mn":"ADBE Vector Shape - Group","hd":false},{"ty":"st","c":{"a":0,"k":[0.481999984442,0.438999998803,0.19199999641,1],"ix":3},"o":{"a":0,"k":100,"ix":4},"w":{"a":0,"k":0.638,"ix":5},"lc":2,"lj":1,"ml":10,"bm":0,"nm":"Stroke 1","mn":"ADBE Vector Graphic - Stroke","hd":false},{"ty":"tr","p":{"a":0,"k":[574.129,176.577],"ix":2},"a":{"a":0,"k":[0,0],"ix":1},"s":{"a":0,"k":[100,100],"ix":3},"r":{"a":0,"k":0,"ix":6},"o":{"a":0,"k":100,"ix":7},"sk":{"a":0,"k":0,"ix":4},"sa":{"a":0,"k":0,"ix":5},"nm":"Transform"}],"nm":"Group 4","np":2,"cix":2,"bm":0,"ix":4,"mn":"ADBE Vector Group","hd":false},{"ty":"gr","it":[{"ind":0,"ty":"sh","ix":1,"ks":{"a":1,"k":[{"i":{"x":0.833,"y":0.833},"o":{"x":0.167,"y":0.167},"t":0,"s":[{"i":[[0,0],[17.086,0],[-2.58,7.119]],"o":[[14.022,19.935],[-17.087,0],[0,0]],"v":[[3.243,-19.223],[-0.177,19.223],[-11.655,0.001]],"c":false}]},{"i":{"x":0.833,"y":0.833},"o":{"x":0.167,"y":0.167},"t":53,"s":[{"i":[[0,0],[17.086,0],[-15.622,5.375]],"o":[[29.231,18.763],[-17.087,0],[0,0]],"v":[[11.332,-28.435],[14.172,16.742],[-2.494,-11.174]],"c":false}]},{"t":148,"s":[{"i":[[0,0],[17.086,0],[-2.58,7.119]],"o":[[14.022,19.935],[-17.087,0],[0,0]],"v":[[3.243,-19.223],[-0.177,19.223],[-11.655,0.001]],"c":false}]}],"ix":2},"nm":"Path 1","mn":"ADBE Vector Shape - Group","hd":false},{"ty":"st","c":{"a":0,"k":[0.481999984442,0.438999998803,0.19199999641,1],"ix":3},"o":{"a":0,"k":100,"ix":4},"w":{"a":0,"k":0.638,"ix":5},"lc":2,"lj":1,"ml":10,"bm":0,"nm":"Stroke 1","mn":"ADBE Vector Graphic - Stroke","hd":false},{"ty":"tr","p":{"a":0,"k":[657.782,165.185],"ix":2},"a":{"a":0,"k":[0,0],"ix":1},"s":{"a":0,"k":[100,100],"ix":3},"r":{"a":0,"k":0,"ix":6},"o":{"a":0,"k":100,"ix":7},"sk":{"a":0,"k":0,"ix":4},"sa":{"a":0,"k":0,"ix":5},"nm":"Transform"}],"nm":"Group 5","np":2,"cix":2,"bm":0,"ix":5,"mn":"ADBE Vector Group","hd":false},{"ty":"gr","it":[{"ind":0,"ty":"sh","ix":1,"ks":{"a":1,"k":[{"i":{"x":0.667,"y":1},"o":{"x":0.333,"y":0},"t":0,"s":[{"i":[[0,0],[-14.647,0.782],[13.612,9.143],[-13.58,6.407]],"o":[[-10.725,17.798],[14.646,-0.783],[-10.717,-7.198],[0,0]],"v":[[-13.168,11.677],[-2.23,43.073],[10.281,0.286],[6.667,-43.855]],"c":false}]},{"i":{"x":0.667,"y":1},"o":{"x":0.333,"y":0},"t":74,"s":[{"i":[[0,0],[-14.647,0.782],[16.244,2.24],[-21.741,7.566]],"o":[[-23.607,12.286],[14.646,-0.783],[-13.606,-1.876],[0,0]],"v":[[-8.998,7.075],[-1.993,50.336],[1.886,-2.771],[2.379,-36.005]],"c":false}]},{"t":148,"s":[{"i":[[0,0],[-14.647,0.782],[13.612,9.143],[-13.58,6.407]],"o":[[-10.725,17.798],[14.646,-0.783],[-10.717,-7.198],[0,0]],"v":[[-13.168,11.677],[-2.23,43.073],[10.281,0.286],[6.667,-43.855]],"c":false}]}],"ix":2},"nm":"Path 1","mn":"ADBE Vector Shape - Group","hd":false},{"ty":"st","c":{"a":0,"k":[0.481999984442,0.438999998803,0.19199999641,1],"ix":3},"o":{"a":0,"k":100,"ix":4},"w":{"a":0,"k":0.638,"ix":5},"lc":2,"lj":1,"ml":10,"bm":0,"nm":"Stroke 1","mn":"ADBE Vector Graphic - Stroke","hd":false},{"ty":"tr","p":{"a":0,"k":[578.621,238.942],"ix":2},"a":{"a":0,"k":[0,0],"ix":1},"s":{"a":0,"k":[100,100],"ix":3},"r":{"a":0,"k":0,"ix":6},"o":{"a":0,"k":100,"ix":7},"sk":{"a":0,"k":0,"ix":4},"sa":{"a":0,"k":0,"ix":5},"nm":"Transform"}],"nm":"Group 6","np":2,"cix":2,"bm":0,"ix":6,"mn":"ADBE Vector Group","hd":false},{"ty":"gr","it":[{"ind":0,"ty":"sh","ix":1,"ks":{"a":1,"k":[{"i":{"x":0.667,"y":1},"o":{"x":0.333,"y":0},"t":0,"s":[{"i":[[-21.27,-0.044],[32.394,40.581],[-3.915,-21.002],[21.359,13.883],[-4.984,-24.918],[11.391,-24.562],[-17.087,-25.986],[-9.967,33.105],[-13.295,9.013]],"o":[[31.618,0.066],[-32.394,-40.581],[3.916,21.002],[-21.358,-13.883],[4.984,24.918],[-11.391,24.562],[17.087,25.986],[9.967,-33.106],[13.939,-9.45]],"v":[[34.885,2.492],[71.55,-63.363],[18.154,-48.768],[-20.291,-50.192],[-73.687,-11.747],[-48.413,15.663],[-86.858,70.839],[-9.256,70.839],[-6.82,11.23]],"c":true}]},{"i":{"x":0.667,"y":1},"o":{"x":0.333,"y":0},"t":74,"s":[{"i":[[-21.252,0.873],[9.434,64.525],[11.683,-22.723],[22.732,11.499],[4.757,-24.962],[11.391,-24.562],[-17.087,-25.986],[-9.967,33.105],[-13.295,9.013]],"o":[[32.34,-1.329],[-10.857,-74.255],[-9.769,19],[-34.321,-17.361],[-7.061,37.057],[-11.391,24.562],[17.087,25.986],[9.967,-33.106],[13.939,-9.45]],"v":[[34.886,2.492],[96.313,-35.696],[23.741,-64.826],[-16.848,-62.325],[-69.767,-30.117],[-57.474,24.09],[-73.493,74.826],[-8.47,69.867],[-6.82,11.23]],"c":true}]},{"t":148,"s":[{"i":[[-21.27,-0.044],[32.394,40.581],[-3.915,-21.002],[21.359,13.883],[-4.984,-24.918],[11.391,-24.562],[-17.087,-25.986],[-9.967,33.105],[-13.295,9.013]],"o":[[31.618,0.066],[-32.394,-40.581],[3.916,21.002],[-21.358,-13.883],[4.984,24.918],[-11.391,24.562],[17.087,25.986],[9.967,-33.106],[13.939,-9.45]],"v":[[34.885,2.492],[71.55,-63.363],[18.154,-48.768],[-20.291,-50.192],[-73.687,-11.747],[-48.413,15.663],[-86.858,70.839],[-9.256,70.839],[-6.82,11.23]],"c":true}]}],"ix":2},"nm":"Path 1","mn":"ADBE Vector Shape - Group","hd":false},{"ty":"fl","c":{"a":0,"k":[0.948999980852,0.842999985639,0.313999998803,1],"ix":4},"o":{"a":0,"k":100,"ix":5},"r":1,"bm":0,"nm":"Fill 1","mn":"ADBE Vector Graphic - Fill","hd":false},{"ty":"tr","p":{"a":0,"k":[615.955,206.834],"ix":2},"a":{"a":0,"k":[0,0],"ix":1},"s":{"a":0,"k":[100,100],"ix":3},"r":{"a":0,"k":0,"ix":6},"o":{"a":0,"k":100,"ix":7},"sk":{"a":0,"k":0,"ix":4},"sa":{"a":0,"k":0,"ix":5},"nm":"Transform"}],"nm":"Group 7","np":2,"cix":2,"bm":0,"ix":7,"mn":"ADBE Vector Group","hd":false},{"ty":"gr","it":[{"ind":0,"ty":"sh","ix":1,"ks":{"a":1,"k":[{"i":{"x":0.833,"y":0.833},"o":{"x":0.167,"y":0.167},"t":0,"s":[{"i":[[0,0],[0,0],[-2.455,1.555],[-1.576,3.113],[3.41,9.254],[-2.136,2.403],[-10.07,3.7],[-19.498,-1.142],[0,0],[0,0],[0,0],[-0.177,-0.445],[-1.068,-1.78],[0,0],[0.089,-0.356]],"o":[[2.136,1.78],[0,0],[3.286,-2.08],[2.144,-4.235],[-3.581,-9.72],[2.136,-2.402],[8.962,-3.292],[5.147,0.301],[0,0],[0,0],[0,0],[0.179,0.445],[1.068,1.78],[0,0],[-0.089,0.356]],"v":[[-37.755,41.968],[-33.313,45.867],[-24.347,41.434],[-14.826,29.465],[-12.689,2.634],[-18.206,-26.379],[-3.434,-36.791],[32.608,-41.773],[36.702,-44.355],[31.808,-45.867],[-12.867,-44.978],[-29.42,-28.781],[-28.708,-17.301],[-22.834,-6.444],[-18.473,4.503]],"c":true}]},{"t":148,"s":[{"i":[[0,0],[0,0],[-2.455,1.555],[-1.576,3.113],[3.41,9.254],[-2.136,2.403],[-10.07,3.7],[-19.498,-1.142],[0,0],[0,0],[0,0],[-0.177,-0.445],[-1.068,-1.78],[0,0],[0.089,-0.356]],"o":[[2.136,1.78],[0,0],[3.286,-2.08],[2.144,-4.235],[-3.581,-9.72],[2.136,-2.402],[8.962,-3.292],[5.147,0.301],[0,0],[0,0],[0,0],[0.179,0.445],[1.068,1.78],[0,0],[-0.089,0.356]],"v":[[-37.755,41.968],[-33.313,45.867],[-24.347,41.434],[-14.826,29.465],[-12.689,2.634],[-18.206,-26.379],[-3.434,-36.791],[32.608,-41.773],[36.702,-44.355],[31.808,-45.867],[-12.867,-44.978],[-29.42,-28.781],[-28.708,-17.301],[-22.834,-6.444],[-18.473,4.503]],"c":true}]}],"ix":2},"nm":"Path 1","mn":"ADBE Vector Shape - Group","hd":false},{"ty":"fl","c":{"a":0,"k":[0.611999990426,0.419999994016,0.187999994615,1],"ix":4},"o":{"a":0,"k":100,"ix":5},"r":1,"bm":0,"nm":"Fill 1","mn":"ADBE Vector Graphic - Fill","hd":false},{"ty":"tr","p":{"a":0,"k":[621.436,253.147],"ix":2},"a":{"a":0,"k":[0,0],"ix":1},"s":{"a":0,"k":[100,100],"ix":3},"r":{"a":0,"k":0,"ix":6},"o":{"a":0,"k":100,"ix":7},"sk":{"a":0,"k":0,"ix":4},"sa":{"a":0,"k":0,"ix":5},"nm":"Transform"}],"nm":"Group 8","np":2,"cix":2,"bm":0,"ix":8,"mn":"ADBE Vector Group","hd":false}],"ip":0,"op":3000,"st":0,"bm":0},{"ddd":0,"ind":2,"ty":4,"nm":"MONDKAP Outlines","parent":10,"sr":1,"ks":{"o":{"a":0,"k":100,"ix":11},"r":{"a":1,"k":[{"i":{"x":[0.667],"y":[1]},"o":{"x":[0.333],"y":[0]},"t":0,"s":[0]},{"i":{"x":[0.667],"y":[1]},"o":{"x":[0.333],"y":[0]},"t":38,"s":[-4]},{"i":{"x":[0.667],"y":[1]},"o":{"x":[0.333],"y":[0]},"t":79,"s":[0]},{"i":{"x":[0.667],"y":[1]},"o":{"x":[0.333],"y":[0]},"t":117,"s":[-4]},{"t":149,"s":[0]}],"ix":10},"p":{"a":0,"k":[594.071,270.373,0],"ix":2},"a":{"a":0,"k":[594.071,270.373,0],"ix":1},"s":{"a":0,"k":[100,100,100],"ix":6}},"ao":0,"shapes":[{"ty":"gr","it":[{"ind":0,"ty":"sh","ix":1,"ks":{"a":0,"k":{"i":[[0,0],[-4.085,0]],"o":[[7.415,2.848],[0,0]],"v":[[-8.488,-2.018],[8.488,2.017]],"c":false},"ix":2},"nm":"Path 1","mn":"ADBE Vector Shape - Group","hd":false},{"ty":"st","c":{"a":0,"k":[0.936999990426,0.936999990426,0.936999990426,1],"ix":3},"o":{"a":0,"k":100,"ix":4},"w":{"a":0,"k":1.276,"ix":5},"lc":2,"lj":1,"ml":10,"bm":0,"nm":"Stroke 1","mn":"ADBE Vector Graphic - Stroke","hd":false},{"ty":"tr","p":{"a":0,"k":[664.847,284.674],"ix":2},"a":{"a":0,"k":[0,0],"ix":1},"s":{"a":0,"k":[100,100],"ix":3},"r":{"a":0,"k":0,"ix":6},"o":{"a":0,"k":100,"ix":7},"sk":{"a":0,"k":0,"ix":4},"sa":{"a":0,"k":0,"ix":5},"nm":"Transform"}],"nm":"Group 1","np":2,"cix":2,"bm":0,"ix":1,"mn":"ADBE Vector Group","hd":false},{"ty":"gr","it":[{"ind":0,"ty":"sh","ix":1,"ks":{"a":0,"k":{"i":[[0,0],[-18.273,-0.187]],"o":[[6.051,6.17],[0,0]],"v":[[-19.401,-7.145],[19.4,7.145]],"c":false},"ix":2},"nm":"Path 1","mn":"ADBE Vector Shape - Group","hd":false},{"ty":"st","c":{"a":0,"k":[0.936999990426,0.936999990426,0.936999990426,1],"ix":3},"o":{"a":0,"k":100,"ix":4},"w":{"a":0,"k":1.276,"ix":5},"lc":2,"lj":1,"ml":10,"bm":0,"nm":"Stroke 1","mn":"ADBE Vector Graphic - Stroke","hd":false},{"ty":"tr","p":{"a":0,"k":[651.137,292.767],"ix":2},"a":{"a":0,"k":[0,0],"ix":1},"s":{"a":0,"k":[100,100],"ix":3},"r":{"a":0,"k":0,"ix":6},"o":{"a":0,"k":100,"ix":7},"sk":{"a":0,"k":0,"ix":4},"sa":{"a":0,"k":0,"ix":5},"nm":"Transform"}],"nm":"Group 2","np":2,"cix":2,"bm":0,"ix":2,"mn":"ADBE Vector Group","hd":false},{"ty":"gr","it":[{"ind":0,"ty":"sh","ix":1,"ks":{"a":0,"k":{"i":[[0,0],[-15.489,-0.712]],"o":[[15.655,6.392],[0,0]],"v":[[-21.263,-5.866],[21.263,5.866]],"c":false},"ix":2},"nm":"Path 1","mn":"ADBE Vector Shape - Group","hd":false},{"ty":"st","c":{"a":0,"k":[0.936999990426,0.936999990426,0.936999990426,1],"ix":3},"o":{"a":0,"k":100,"ix":4},"w":{"a":0,"k":1.276,"ix":5},"lc":2,"lj":1,"ml":10,"bm":0,"nm":"Stroke 1","mn":"ADBE Vector Graphic - Stroke","hd":false},{"ty":"tr","p":{"a":0,"k":[646.126,312.032],"ix":2},"a":{"a":0,"k":[0,0],"ix":1},"s":{"a":0,"k":[100,100],"ix":3},"r":{"a":0,"k":0,"ix":6},"o":{"a":0,"k":100,"ix":7},"sk":{"a":0,"k":0,"ix":4},"sa":{"a":0,"k":0,"ix":5},"nm":"Transform"}],"nm":"Group 3","np":2,"cix":2,"bm":0,"ix":3,"mn":"ADBE Vector Group","hd":false},{"ty":"gr","it":[{"ind":0,"ty":"sh","ix":1,"ks":{"a":0,"k":{"i":[[0,0],[-13.463,-0.273]],"o":[[12.405,7.65],[0,0]],"v":[[-22.157,-4.599],[22.157,4.599]],"c":false},"ix":2},"nm":"Path 1","mn":"ADBE Vector Shape - Group","hd":false},{"ty":"fl","c":{"a":0,"k":[0.019999999626,0.779999976065,0.948999980852,1],"ix":4},"o":{"a":0,"k":100,"ix":5},"r":1,"bm":0,"nm":"Fill 1","mn":"ADBE Vector Graphic - Fill","hd":false},{"ty":"tr","p":{"a":0,"k":[645.232,292.305],"ix":2},"a":{"a":0,"k":[0,0],"ix":1},"s":{"a":0,"k":[100,100],"ix":3},"r":{"a":0,"k":0,"ix":6},"o":{"a":0,"k":100,"ix":7},"sk":{"a":0,"k":0,"ix":4},"sa":{"a":0,"k":0,"ix":5},"nm":"Transform"}],"nm":"Group 4","np":2,"cix":2,"bm":0,"ix":4,"mn":"ADBE Vector Group","hd":false},{"ty":"gr","it":[{"ind":0,"ty":"sh","ix":1,"ks":{"a":0,"k":{"i":[[11.929,-3.394],[-14.417,-6.585],[-5.225,16.27],[20.468,2.492]],"o":[[-8.092,2.302],[14.417,6.586],[4.915,-15.306],[-20.469,-2.492]],"v":[[-27.299,-29.337],[-33.498,4.658],[31.001,18.007],[27.447,-31.785]],"c":true},"ix":2},"nm":"Path 1","mn":"ADBE Vector Shape - Group","hd":false},{"ty":"fl","c":{"a":0,"k":[0.019999999626,0.779999976065,0.948999980852,1],"ix":4},"o":{"a":0,"k":100,"ix":5},"r":1,"bm":0,"nm":"Fill 1","mn":"ADBE Vector Graphic - Fill","hd":false},{"ty":"tr","p":{"a":0,"k":[642.334,307.01],"ix":2},"a":{"a":0,"k":[0,0],"ix":1},"s":{"a":0,"k":[100,100],"ix":3},"r":{"a":0,"k":0,"ix":6},"o":{"a":0,"k":100,"ix":7},"sk":{"a":0,"k":0,"ix":4},"sa":{"a":0,"k":0,"ix":5},"nm":"Transform"}],"nm":"Group 5","np":2,"cix":2,"bm":0,"ix":5,"mn":"ADBE Vector Group","hd":false},{"ty":"gr","it":[{"ind":0,"ty":"sh","ix":1,"ks":{"a":0,"k":{"i":[[11.594,-3.394],[-14.012,-6.585],[-5.077,16.269],[19.893,2.491]],"o":[[-7.863,2.302],[14.011,6.586],[4.778,-15.307],[-19.892,-2.492]],"v":[[-26.531,-29.337],[-32.555,4.659],[30.128,18.008],[26.674,-31.785]],"c":true},"ix":2},"nm":"Path 1","mn":"ADBE Vector Shape - Group","hd":false},{"ty":"fl","c":{"a":0,"k":[0.611999990426,0.419999994016,0.187999994615,1],"ix":4},"o":{"a":0,"k":100,"ix":5},"r":1,"bm":0,"nm":"Fill 1","mn":"ADBE Vector Graphic - Fill","hd":false},{"ty":"tr","p":{"a":0,"k":[641.161,308.196],"ix":2},"a":{"a":0,"k":[0,0],"ix":1},"s":{"a":0,"k":[100,100],"ix":3},"r":{"a":0,"k":0,"ix":6},"o":{"a":0,"k":100,"ix":7},"sk":{"a":0,"k":0,"ix":4},"sa":{"a":0,"k":0,"ix":5},"nm":"Transform"}],"nm":"Group 6","np":2,"cix":2,"bm":0,"ix":6,"mn":"ADBE Vector Group","hd":false},{"ty":"gr","it":[{"ind":0,"ty":"sh","ix":1,"ks":{"a":0,"k":{"i":[[0,0],[0,0]],"o":[[0,0],[0,0]],"v":[[4.328,5.455],[-4.329,-5.455]],"c":false},"ix":2},"nm":"Path 1","mn":"ADBE Vector Shape - Group","hd":false},{"ty":"st","c":{"a":0,"k":[0.936999990426,0.936999990426,0.936999990426,1],"ix":3},"o":{"a":0,"k":100,"ix":4},"w":{"a":0,"k":1.954,"ix":5},"lc":1,"lj":1,"ml":10,"bm":0,"nm":"Stroke 1","mn":"ADBE Vector Graphic - Stroke","hd":false},{"ty":"tr","p":{"a":0,"k":[603.368,296.068],"ix":2},"a":{"a":0,"k":[0,0],"ix":1},"s":{"a":0,"k":[100,100],"ix":3},"r":{"a":0,"k":0,"ix":6},"o":{"a":0,"k":100,"ix":7},"sk":{"a":0,"k":0,"ix":4},"sa":{"a":0,"k":0,"ix":5},"nm":"Transform"}],"nm":"Group 7","np":2,"cix":2,"bm":0,"ix":7,"mn":"ADBE Vector Group","hd":false},{"ty":"gr","it":[{"ind":0,"ty":"sh","ix":1,"ks":{"a":0,"k":{"i":[[0,0],[0,0]],"o":[[-0.534,-0.178],[0,0]],"v":[[5.019,3.529],[-5.02,-3.528]],"c":false},"ix":2},"nm":"Path 1","mn":"ADBE Vector Shape - Group","hd":false},{"ty":"st","c":{"a":0,"k":[0.936999990426,0.936999990426,0.936999990426,1],"ix":3},"o":{"a":0,"k":100,"ix":4},"w":{"a":0,"k":1.954,"ix":5},"lc":1,"lj":1,"ml":10,"bm":0,"nm":"Stroke 1","mn":"ADBE Vector Graphic - Stroke","hd":false},{"ty":"tr","p":{"a":0,"k":[612.716,277.526],"ix":2},"a":{"a":0,"k":[0,0],"ix":1},"s":{"a":0,"k":[100,100],"ix":3},"r":{"a":0,"k":0,"ix":6},"o":{"a":0,"k":100,"ix":7},"sk":{"a":0,"k":0,"ix":4},"sa":{"a":0,"k":0,"ix":5},"nm":"Transform"}],"nm":"Group 8","np":2,"cix":2,"bm":0,"ix":8,"mn":"ADBE Vector Group","hd":false}],"ip":0,"op":3000,"st":0,"bm":0},{"ddd":0,"ind":3,"ty":4,"nm":"NEUS Outlines","parent":10,"sr":1,"ks":{"o":{"a":0,"k":100,"ix":11},"r":{"a":0,"k":0,"ix":10},"p":{"a":0,"k":[640,360,0],"ix":2},"a":{"a":0,"k":[640,360,0],"ix":1},"s":{"a":0,"k":[100,100,100],"ix":6}},"ao":0,"shapes":[{"ty":"gr","it":[{"ind":0,"ty":"sh","ix":1,"ks":{"a":0,"k":{"i":[[0,0],[-0.757,-6.821],[0,0]],"o":[[16.976,19.46],[0,0],[0,0]],"v":[[-8.488,-20.053],[5.691,19.442],[-8.488,20.053]],"c":false},"ix":2},"nm":"Path 1","mn":"ADBE Vector Shape - Group","hd":false},{"ty":"st","c":{"a":0,"k":[0.847000002394,0.545000023935,0.211999990426,1],"ix":3},"o":{"a":0,"k":100,"ix":4},"w":{"a":0,"k":1.276,"ix":5},"lc":2,"lj":2,"bm":0,"nm":"Stroke 1","mn":"ADBE Vector Graphic - Stroke","hd":false},{"ty":"fl","c":{"a":0,"k":[0.948999980852,0.654999976065,0.294000004787,1],"ix":4},"o":{"a":0,"k":100,"ix":5},"r":1,"bm":0,"nm":"Fill 1","mn":"ADBE Vector Graphic - Fill","hd":false},{"ty":"tr","p":{"a":0,"k":[664.847,262.603],"ix":2},"a":{"a":0,"k":[0,0],"ix":1},"s":{"a":0,"k":[100,100],"ix":3},"r":{"a":0,"k":0,"ix":6},"o":{"a":0,"k":100,"ix":7},"sk":{"a":0,"k":0,"ix":4},"sa":{"a":0,"k":0,"ix":5},"nm":"Transform"}],"nm":"Group 1","np":3,"cix":2,"bm":0,"ix":1,"mn":"ADBE Vector Group","hd":false}],"ip":0,"op":3000,"st":0,"bm":0},{"ddd":0,"ind":4,"ty":4,"nm":"bril Outlines","parent":10,"sr":1,"ks":{"o":{"a":0,"k":100,"ix":11},"r":{"a":1,"k":[{"i":{"x":[0.667],"y":[1]},"o":{"x":[0.333],"y":[0]},"t":0,"s":[0]},{"i":{"x":[0.667],"y":[1]},"o":{"x":[0.333],"y":[0]},"t":40.115,"s":[4]},{"i":{"x":[0.667],"y":[1]},"o":{"x":[0.333],"y":[0]},"t":72.59,"s":[0]},{"i":{"x":[0.833],"y":[1]},"o":{"x":[0.333],"y":[0]},"t":108.885,"s":[0]},{"t":149,"s":[0]}],"ix":10},"p":{"a":0,"k":[595,251,0],"ix":2},"a":{"a":0,"k":[595,251,0],"ix":1},"s":{"a":0,"k":[100,100,100],"ix":6}},"ao":0,"shapes":[{"ty":"gr","it":[{"ind":0,"ty":"sh","ix":1,"ks":{"a":0,"k":{"i":[[0,0],[0,0]],"o":[[0,0],[0,0]],"v":[[14.581,-3.026],[-14.582,3.026]],"c":false},"ix":2},"nm":"Path 1","mn":"ADBE Vector Shape - Group","hd":false},{"ty":"st","c":{"a":0,"k":[0.054999998504,0.161000001197,0.250999989229,1],"ix":3},"o":{"a":0,"k":100,"ix":4},"w":{"a":0,"k":1.276,"ix":5},"lc":1,"lj":1,"ml":10,"bm":0,"nm":"Stroke 1","mn":"ADBE Vector Graphic - Stroke","hd":false},{"ty":"tr","p":{"a":0,"k":[612.382,247.593],"ix":2},"a":{"a":0,"k":[0,0],"ix":1},"s":{"a":0,"k":[100,100],"ix":3},"r":{"a":0,"k":0,"ix":6},"o":{"a":0,"k":100,"ix":7},"sk":{"a":0,"k":0,"ix":4},"sa":{"a":0,"k":0,"ix":5},"nm":"Transform"}],"nm":"Group 1","np":2,"cix":2,"bm":0,"ix":1,"mn":"ADBE Vector Group","hd":false},{"ty":"gr","it":[{"ind":0,"ty":"sh","ix":1,"ks":{"a":0,"k":{"i":[[0,0],[0,0]],"o":[[0,0],[0,0]],"v":[[654.66,239.228],[667.389,239.228]],"c":false},"ix":2},"nm":"Path 1","mn":"ADBE Vector Shape - Group","hd":false},{"ty":"st","c":{"a":0,"k":[0.054999998504,0.161000001197,0.250999989229,1],"ix":3},"o":{"a":0,"k":100,"ix":4},"w":{"a":0,"k":1.276,"ix":5},"lc":1,"lj":1,"ml":10,"bm":0,"nm":"Stroke 1","mn":"ADBE Vector Graphic - Stroke","hd":false},{"ty":"tr","p":{"a":0,"k":[0,0],"ix":2},"a":{"a":0,"k":[0,0],"ix":1},"s":{"a":0,"k":[100,100],"ix":3},"r":{"a":0,"k":0,"ix":6},"o":{"a":0,"k":100,"ix":7},"sk":{"a":0,"k":0,"ix":4},"sa":{"a":0,"k":0,"ix":5},"nm":"Transform"}],"nm":"Group 2","np":2,"cix":2,"bm":0,"ix":2,"mn":"ADBE Vector Group","hd":false},{"ty":"gr","it":[{"ind":0,"ty":"sh","ix":1,"ks":{"a":0,"k":{"i":[[2.755,0],[0,0],[0,3.822],[0,0],[-2.755,0],[0,0],[0,-4.273],[0,0]],"o":[[0,0],[-2.755,0],[0,0],[0,-4.723],[0,0],[2.755,0],[0,0],[0,4.273]],"v":[[3.943,27.623],[-3.943,27.623],[-8.931,20.338],[-8.931,-19.437],[-3.943,-27.623],[3.943,-27.623],[8.93,-19.887],[8.93,19.887]],"c":true},"ix":2},"nm":"Path 1","mn":"ADBE Vector Shape - Group","hd":false},{"ty":"fl","c":{"a":0,"k":[0.901761651039,0.901761651039,0.901761651039,1],"ix":4},"o":{"a":0,"k":75,"ix":5},"r":1,"bm":0,"nm":"Fill 1","mn":"ADBE Vector Graphic - Fill","hd":false},{"ty":"st","c":{"a":0,"k":[0.054999998504,0.161000001197,0.250999989229,1],"ix":3},"o":{"a":0,"k":100,"ix":4},"w":{"a":0,"k":2.049,"ix":5},"lc":1,"lj":1,"ml":10,"bm":0,"nm":"Stroke 1","mn":"ADBE Vector Graphic - Stroke","hd":false},{"ty":"tr","p":{"a":0,"k":[676.32,254.392],"ix":2},"a":{"a":0,"k":[0,0],"ix":1},"s":{"a":0,"k":[100,100],"ix":3},"r":{"a":0,"k":0,"ix":6},"o":{"a":0,"k":100,"ix":7},"sk":{"a":0,"k":0,"ix":4},"sa":{"a":0,"k":0,"ix":5},"nm":"Transform"}],"nm":"Group 3","np":3,"cix":2,"bm":0,"ix":3,"mn":"ADBE Vector Group","hd":false},{"ty":"gr","it":[{"ind":0,"ty":"sh","ix":1,"ks":{"a":0,"k":{"i":[[3.35,0],[0,0],[0,3.349],[0,0],[-3.35,0],[0,0],[0,-3.349],[0,0]],"o":[[0,0],[-3.35,0],[0,0],[0,-3.349],[0,0],[3.35,0],[0,0],[0,3.349]],"v":[[7.784,27.623],[-7.783,27.623],[-13.848,21.559],[-13.848,-21.559],[-7.783,-27.623],[7.784,-27.623],[13.848,-21.559],[13.848,21.559]],"c":true},"ix":2},"nm":"Path 1","mn":"ADBE Vector Shape - Group","hd":false},{"ty":"st","c":{"a":0,"k":[0.054999998504,0.161000001197,0.250999989229,1],"ix":3},"o":{"a":0,"k":100,"ix":4},"w":{"a":0,"k":2.551,"ix":5},"lc":1,"lj":1,"ml":10,"bm":0,"nm":"Stroke 1","mn":"ADBE Vector Graphic - Stroke","hd":false},{"ty":"fl","c":{"a":0,"k":[0.901761651039,0.901761651039,0.901761651039,1],"ix":4},"o":{"a":0,"k":75,"ix":5},"r":1,"bm":0,"nm":"Fill 1","mn":"ADBE Vector Graphic - Fill","hd":false},{"ty":"tr","p":{"a":0,"k":[640.812,254.392],"ix":2},"a":{"a":0,"k":[0,0],"ix":1},"s":{"a":0,"k":[100,100],"ix":3},"r":{"a":0,"k":0,"ix":6},"o":{"a":0,"k":100,"ix":7},"sk":{"a":0,"k":0,"ix":4},"sa":{"a":0,"k":0,"ix":5},"nm":"Transform"}],"nm":"Group 4","np":3,"cix":2,"bm":0,"ix":4,"mn":"ADBE Vector Group","hd":false}],"ip":0,"op":3000,"st":0,"bm":0},{"ddd":0,"ind":5,"ty":4,"nm":"mond Outlines","parent":10,"sr":1,"ks":{"o":{"a":0,"k":100,"ix":11},"r":{"a":0,"k":0,"ix":10},"p":{"a":0,"k":[640,360,0],"ix":2},"a":{"a":0,"k":[640,360,0],"ix":1},"s":{"a":0,"k":[100,100,100],"ix":6}},"ao":0,"shapes":[{"ty":"gr","it":[{"ind":0,"ty":"sh","ix":1,"ks":{"a":0,"k":{"i":[[0,0],[-18.155,0.356]],"o":[[6.763,13.171],[0,0]],"v":[[-19.615,-9.441],[19.615,9.085]],"c":false},"ix":2},"nm":"Path 1","mn":"ADBE Vector Shape - Group","hd":false},{"ty":"st","c":{"a":0,"k":[0.936999990426,0.936999990426,0.936999990426,1],"ix":3},"o":{"a":0,"k":100,"ix":4},"w":{"a":0,"k":1.276,"ix":5},"lc":1,"lj":1,"ml":10,"bm":0,"nm":"Stroke 1","mn":"ADBE Vector Graphic - Stroke","hd":false},{"ty":"tr","p":{"a":0,"k":[650.166,297.081],"ix":2},"a":{"a":0,"k":[0,0],"ix":1},"s":{"a":0,"k":[100,100],"ix":3},"r":{"a":0,"k":0,"ix":6},"o":{"a":0,"k":100,"ix":7},"sk":{"a":0,"k":0,"ix":4},"sa":{"a":0,"k":0,"ix":5},"nm":"Transform"}],"nm":"Group 1","np":2,"cix":2,"bm":0,"ix":1,"mn":"ADBE Vector Group","hd":false}],"ip":0,"op":3000,"st":0,"bm":0},{"ddd":0,"ind":6,"ty":4,"nm":"STETUSCOOP Outlines","sr":1,"ks":{"o":{"a":0,"k":100,"ix":11},"r":{"a":0,"k":0,"ix":10},"p":{"a":0,"k":[640,549,0],"ix":2},"a":{"a":0,"k":[640,360,0],"ix":1},"s":{"a":0,"k":[156,156,100],"ix":6}},"ao":0,"hasMask":true,"masksProperties":[{"inv":true,"mode":"a","pt":{"a":1,"k":[{"i":{"x":0.667,"y":1},"o":{"x":0.333,"y":0},"t":0,"s":[{"i":[[-0.047,-0.61],[0,0],[-0.721,-1.763],[0,0],[0.481,4.007],[14.265,0.012]],"o":[[0.08,1.042],[0,0],[0.721,1.763],[0,0],[-0.198,-1.65],[-20.161,-0.017]],"v":[[587.356,357.997],[584.471,361.122],[583.51,378.43],[656.667,371.619],[653.061,350.224],[631.747,349.596]],"c":true}]},{"i":{"x":0.667,"y":1},"o":{"x":0.333,"y":0},"t":38,"s":[{"i":[[-0.047,-0.61],[0,0],[5.609,-9.295],[0,0],[-0.16,4.006],[14.265,0.012]],"o":[[0.08,1.042],[0,0],[-0.984,1.631],[0,0],[0.066,-1.66],[-20.161,-0.017]],"v":[[587.356,357.997],[584.471,362.805],[575.737,388.686],[658.109,370.256],[658.189,358.558],[631.747,349.596]],"c":true}]},{"i":{"x":0.667,"y":1},"o":{"x":0.333,"y":0},"t":79,"s":[{"i":[[-0.047,-0.61],[0,0],[4.728,-5.128],[0,0],[0.481,4.007],[14.265,0.012]],"o":[[0.08,1.042],[0,0],[-1.291,1.4],[0,0],[-0.198,-1.65],[-20.161,-0.017]],"v":[[587.356,357.997],[584.231,361.202],[580.144,384.199],[656.667,371.619],[653.061,350.224],[631.747,349.596]],"c":true}]},{"i":{"x":0.667,"y":1},"o":{"x":0.333,"y":0},"t":117,"s":[{"i":[[-0.047,-0.61],[0,0],[5.609,-9.295],[0,0],[-0.16,4.006],[14.265,0.012]],"o":[[0.08,1.042],[0,0],[-0.984,1.631],[0,0],[0.066,-1.66],[-20.161,-0.017]],"v":[[587.356,357.997],[584.471,362.805],[575.737,388.686],[658.109,370.256],[658.189,358.558],[631.747,349.596]],"c":true}]},{"t":148,"s":[{"i":[[-0.047,-0.61],[0,0],[-0.721,-1.763],[0,0],[0.481,4.007],[14.265,0.012]],"o":[[0.08,1.042],[0,0],[0.721,1.763],[0,0],[-0.198,-1.65],[-20.161,-0.017]],"v":[[587.356,357.997],[584.471,361.122],[583.51,378.43],[656.667,371.619],[653.061,350.224],[631.747,349.596]],"c":true}]}],"ix":1},"o":{"a":0,"k":100,"ix":3},"x":{"a":0,"k":0,"ix":4},"nm":"Mask 1"}],"shapes":[{"ty":"gr","it":[{"ind":0,"ty":"sh","ix":1,"ks":{"a":1,"k":[{"i":{"x":0.667,"y":1},"o":{"x":0.333,"y":0},"t":0,"s":[{"i":[[-0.369,-2.351],[-2.612,0.409],[0.369,2.35],[2.612,-0.409]],"o":[[0.369,2.351],[2.612,-0.411],[-0.368,-2.351],[-2.612,0.41]],"v":[[-4.729,0.741],[0.668,4.256],[4.729,-0.742],[-0.667,-4.257]],"c":true}]},{"i":{"x":0.667,"y":1},"o":{"x":0.333,"y":0},"t":75.897,"s":[{"i":[[-0.928,-2.191],[-2.434,1.032],[0.927,2.191],[2.435,-1.031]],"o":[[0.928,2.191],[2.434,-1.032],[-0.927,-2.192],[-2.435,1.031]],"v":[[32.279,-2.663],[38.367,-0.562],[41.094,-6.396],[35.007,-8.497]],"c":true}]},{"t":148,"s":[{"i":[[-0.369,-2.351],[-2.612,0.409],[0.369,2.35],[2.612,-0.409]],"o":[[0.369,2.351],[2.612,-0.411],[-0.368,-2.351],[-2.612,0.41]],"v":[[-4.729,0.741],[0.668,4.256],[4.729,-0.742],[-0.667,-4.257]],"c":true}]}],"ix":2},"nm":"Path 1","mn":"ADBE Vector Shape - Group","hd":false},{"ty":"fl","c":{"a":0,"k":[0.054999998504,0.161000001197,0.250999989229,1],"ix":4},"o":{"a":0,"k":100,"ix":5},"r":1,"bm":0,"nm":"Fill 1","mn":"ADBE Vector Graphic - Fill","hd":false},{"ty":"tr","p":{"a":0,"k":[600.726,524.766],"ix":2},"a":{"a":0,"k":[0,0],"ix":1},"s":{"a":0,"k":[100,100],"ix":3},"r":{"a":0,"k":0,"ix":6},"o":{"a":0,"k":100,"ix":7},"sk":{"a":0,"k":0,"ix":4},"sa":{"a":0,"k":0,"ix":5},"nm":"Transform"}],"nm":"Group 1","np":2,"cix":2,"bm":0,"ix":1,"mn":"ADBE Vector Group","hd":false},{"ty":"gr","it":[{"ind":0,"ty":"sh","ix":1,"ks":{"a":1,"k":[{"i":{"x":0.667,"y":1},"o":{"x":0.333,"y":0},"t":0,"s":[{"i":[[-0.368,-2.351],[-2.612,0.41],[0.368,2.35],[2.612,-0.41]],"o":[[0.369,2.351],[2.612,-0.41],[-0.369,-2.351],[-2.612,0.409]],"v":[[-4.729,0.741],[0.667,4.256],[4.729,-0.741],[-0.668,-4.256]],"c":true}]},{"i":{"x":0.667,"y":1},"o":{"x":0.333,"y":0},"t":75.897,"s":[{"i":[[-0.928,-2.191],[-2.435,1.031],[0.928,2.19],[2.435,-1.03]],"o":[[0.928,2.191],[2.435,-1.031],[-0.928,-2.191],[-2.435,1.03]],"v":[[35.396,9.755],[41.484,11.856],[44.213,6.023],[38.125,3.922]],"c":true}]},{"t":148,"s":[{"i":[[-0.368,-2.351],[-2.612,0.41],[0.368,2.35],[2.612,-0.41]],"o":[[0.369,2.351],[2.612,-0.41],[-0.369,-2.351],[-2.612,0.409]],"v":[[-4.729,0.741],[0.667,4.256],[4.729,-0.741],[-0.668,-4.256]],"c":true}]}],"ix":2},"nm":"Path 1","mn":"ADBE Vector Shape - Group","hd":false},{"ty":"fl","c":{"a":0,"k":[0.054999998504,0.161000001197,0.250999989229,1],"ix":4},"o":{"a":0,"k":100,"ix":5},"r":1,"bm":0,"nm":"Fill 1","mn":"ADBE Vector Graphic - Fill","hd":false},{"ty":"tr","p":{"a":0,"k":[548.735,531.218],"ix":2},"a":{"a":0,"k":[0,0],"ix":1},"s":{"a":0,"k":[100,100],"ix":3},"r":{"a":0,"k":0,"ix":6},"o":{"a":0,"k":100,"ix":7},"sk":{"a":0,"k":0,"ix":4},"sa":{"a":0,"k":0,"ix":5},"nm":"Transform"}],"nm":"Group 2","np":2,"cix":2,"bm":0,"ix":2,"mn":"ADBE Vector Group","hd":false},{"ty":"gr","it":[{"ind":0,"ty":"sh","ix":1,"ks":{"a":1,"k":[{"i":{"x":0.667,"y":1},"o":{"x":0.333,"y":0},"t":0,"s":[{"i":[[2,-0.084],[0.822,5.929],[-4.121,19.165],[-11.027,1.729],[-8.643,-55.12],[9.754,-1.529],[0,0],[0.129,1.041],[18.96,-2.972],[3.887,-18.079],[-3.557,-25.647],[-3.05,0.281],[0,0],[0,0],[0,0]],"o":[[-4.118,-0.025],[-3.638,-26.224],[4.36,-20.288],[22.44,-3.518],[0.555,3.904],[0,0],[6.903,-1.082],[-7.918,-50.493],[-8.795,1.38],[-3.997,18.598],[0.371,2.667],[0,0],[0,0],[0,0],[0,0]],"v":[[-29,58.033],[-38.48,50.012],[-37.731,-20.373],[-13.868,-54.515],[41.563,37.507],[30.827,50.66],[30.037,45.619],[36.514,38.24],[-13.078,-49.475],[-32.744,-19.301],[-33.427,49.309],[-28.272,52.903],[-25.904,52.684],[-25.427,55.024],[-25.042,57.371]],"c":true}]},{"i":{"x":0.667,"y":1},"o":{"x":0.333,"y":0},"t":75.897,"s":[{"i":[[1.92,-0.567],[2.236,5.552],[0.653,19.592],[-10.278,4.352],[-21.756,-51.377],[9.092,-3.849],[0,0],[0.378,0.979],[17.672,-7.485],[-0.616,-18.482],[-9.682,-24.014],[-2.891,1.013],[0,0],[0,0],[0,0]],"o":[[-4.001,0.975],[-9.891,-24.558],[-0.692,-20.74],[20.916,-8.856],[1.485,3.653],[0,0],[6.434,-2.724],[-19.93,-47.064],[-8.198,3.472],[0.634,19.012],[1.007,2.497],[0,0],[0,0],[0,0],[0,0]],"v":[[11.771,67.19],[0.628,61.708],[-15.719,-6.756],[-0.851,-45.667],[75.247,30.16],[68.023,45.524],[66.033,40.826],[70.527,32.096],[1.138,-40.969],[-10.621,-6.926],[5.36,59.8],[11.233,62.036],[13.477,61.249],[14.507,63.404],[15.45,65.587]],"c":true}]},{"t":148,"s":[{"i":[[2,-0.084],[0.822,5.929],[-4.121,19.165],[-11.027,1.729],[-8.643,-55.12],[9.754,-1.529],[0,0],[0.129,1.041],[18.96,-2.972],[3.887,-18.079],[-3.557,-25.647],[-3.05,0.281],[0,0],[0,0],[0,0]],"o":[[-4.118,-0.025],[-3.638,-26.224],[4.36,-20.288],[22.44,-3.518],[0.555,3.904],[0,0],[6.903,-1.082],[-7.918,-50.493],[-8.795,1.38],[-3.997,18.598],[0.371,2.667],[0,0],[0,0],[0,0],[0,0]],"v":[[-29,58.033],[-38.48,50.012],[-37.731,-20.373],[-13.868,-54.515],[41.563,37.507],[30.827,50.66],[30.037,45.619],[36.514,38.24],[-13.078,-49.475],[-32.744,-19.301],[-33.427,49.309],[-28.272,52.903],[-25.904,52.684],[-25.427,55.024],[-25.042,57.371]],"c":true}]}],"ix":2},"nm":"Path 1","mn":"ADBE Vector Shape - Group","hd":false},{"ty":"fl","c":{"a":0,"k":[0.936999990426,0.936999990426,0.936999990426,1],"ix":4},"o":{"a":0,"k":100,"ix":5},"r":1,"bm":0,"nm":"Fill 1","mn":"ADBE Vector Graphic - Fill","hd":false},{"ty":"tr","p":{"a":0,"k":[572.104,476.476],"ix":2},"a":{"a":0,"k":[0,0],"ix":1},"s":{"a":0,"k":[100,100],"ix":3},"r":{"a":0,"k":0,"ix":6},"o":{"a":0,"k":100,"ix":7},"sk":{"a":0,"k":0,"ix":4},"sa":{"a":0,"k":0,"ix":5},"nm":"Transform"}],"nm":"Group 3","np":2,"cix":2,"bm":0,"ix":3,"mn":"ADBE Vector Group","hd":false},{"ty":"gr","it":[{"ind":0,"ty":"sh","ix":1,"ks":{"a":1,"k":[{"i":{"x":0.667,"y":1},"o":{"x":0.333,"y":0},"t":0,"s":[{"i":[[0,-4.37],[4.37,0],[0,4.37],[-4.37,0]],"o":[[0,4.37],[-4.37,0],[0,-4.37],[4.37,0]],"v":[[7.913,0],[0,7.912],[-7.912,0],[0,-7.912]],"c":true}]},{"i":{"x":0.667,"y":1},"o":{"x":0.333,"y":0},"t":75.897,"s":[{"i":[[1.071,-4.237],[4.237,1.071],[-1.071,4.237],[-4.237,-1.071]],"o":[[-1.071,4.237],[-4.237,-1.071],[1.071,-4.237],[4.237,1.071]],"v":[[-20.212,6.37],[-29.823,12.102],[-35.555,2.492],[-25.945,-3.24]],"c":true}]},{"t":148,"s":[{"i":[[0,-4.37],[4.37,0],[0,4.37],[-4.37,0]],"o":[[0,4.37],[-4.37,0],[0,-4.37],[4.37,0]],"v":[[7.913,0],[0,7.912],[-7.912,0],[0,-7.912]],"c":true}]}],"ix":2},"nm":"Path 1","mn":"ADBE Vector Shape - Group","hd":false},{"ty":"fl","c":{"a":0,"k":[0.054999998504,0.161000001197,0.250999989229,1],"ix":4},"o":{"a":0,"k":100,"ix":5},"r":1,"bm":0,"nm":"Fill 1","mn":"ADBE Vector Graphic - Fill","hd":false},{"ty":"tr","p":{"a":0,"k":[690.969,487.604],"ix":2},"a":{"a":0,"k":[0,0],"ix":1},"s":{"a":0,"k":[100,100],"ix":3},"r":{"a":0,"k":0,"ix":6},"o":{"a":0,"k":100,"ix":7},"sk":{"a":0,"k":0,"ix":4},"sa":{"a":0,"k":0,"ix":5},"nm":"Transform"}],"nm":"Group 4","np":2,"cix":2,"bm":0,"ix":4,"mn":"ADBE Vector Group","hd":false},{"ty":"gr","it":[{"ind":0,"ty":"sh","ix":1,"ks":{"a":1,"k":[{"i":{"x":0.667,"y":1},"o":{"x":0.333,"y":0},"t":0,"s":[{"i":[[0,0],[0,0],[0,0],[-1.667,21.666],[9.868,10.025],[17.578,0.844],[0,-18.059],[0,0],[-73.444,0],[-13.554,-14.331],[1.462,-19.006],[1.008,-5.457]],"o":[[0,0],[0,0],[0.987,-5.338],[1.368,-17.78],[-14.017,-14.239],[-66.415,-3.189],[0,0],[0,-21.704],[20.151,0],[10.845,11.466],[-1.688,21.935],[0,0]],"v":[[64.54,62.738],[59.518,61.819],[59.699,60.848],[67.388,4.727],[51.458,-38.417],[3.356,-57.638],[-68.195,4.086],[-73.595,4.09],[3.249,-62.738],[55.863,-42.332],[72.134,5.132],[64.716,61.775]],"c":true}]},{"i":{"x":0.667,"y":1},"o":{"x":0.333,"y":0},"t":75.897,"s":[{"i":[[0,0],[0,0],[0,0],[-6.925,20.597],[9.868,10.025],[17.578,0.844],[-4.381,-17.52],[0,0],[-73.444,0],[-13.554,-14.331],[6.075,-18.068],[2.315,-5.044]],"o":[[0,0],[0,0],[2.265,-4.933],[5.683,-16.903],[-14.017,-14.239],[-66.415,-3.189],[0,0],[-5.265,-21.056],[20.151,0],[10.845,11.466],[-7.011,20.853],[0,0]],"v":[[38.105,68.392],[33.462,66.271],[33.875,65.373],[55.081,12.847],[51.458,-38.417],[3.356,-57.638],[-55.168,11.902],[-60.406,13.215],[3.249,-62.738],[55.863,-42.332],[59.583,14.402],[38.512,67.501]],"c":true}]},{"t":148,"s":[{"i":[[0,0],[0,0],[0,0],[-1.667,21.666],[9.868,10.025],[17.578,0.844],[0,-18.059],[0,0],[-73.444,0],[-13.554,-14.331],[1.462,-19.006],[1.008,-5.457]],"o":[[0,0],[0,0],[0.987,-5.338],[1.368,-17.78],[-14.017,-14.239],[-66.415,-3.189],[0,0],[0,-21.704],[20.151,0],[10.845,11.466],[-1.688,21.935],[0,0]],"v":[[64.54,62.738],[59.518,61.819],[59.699,60.848],[67.388,4.727],[51.458,-38.417],[3.356,-57.638],[-68.195,4.086],[-73.595,4.09],[3.249,-62.738],[55.863,-42.332],[72.134,5.132],[64.716,61.775]],"c":true}]}],"ix":2},"nm":"Path 1","mn":"ADBE Vector Shape - Group","hd":false},{"ty":"fl","c":{"a":0,"k":[0.936999990426,0.936999990426,0.936999990426,1],"ix":4},"o":{"a":0,"k":100,"ix":5},"r":1,"bm":0,"nm":"Fill 1","mn":"ADBE Vector Graphic - Fill","hd":false},{"ty":"tr","p":{"a":0,"k":[630.62,418.431],"ix":2},"a":{"a":0,"k":[0,0],"ix":1},"s":{"a":0,"k":[100,100],"ix":3},"r":{"a":0,"k":0,"ix":6},"o":{"a":0,"k":100,"ix":7},"sk":{"a":0,"k":0,"ix":4},"sa":{"a":0,"k":0,"ix":5},"nm":"Transform"}],"nm":"Group 5","np":2,"cix":2,"bm":0,"ix":5,"mn":"ADBE Vector Group","hd":false},{"ty":"gr","it":[{"ind":0,"ty":"sh","ix":1,"ks":{"a":1,"k":[{"i":{"x":0.667,"y":1},"o":{"x":0.333,"y":0},"t":0,"s":[{"i":[[0,-6.154],[6.155,0],[0,6.154],[-6.153,0]],"o":[[0,6.154],[-6.153,0],[0,-6.154],[6.155,0]],"v":[[11.143,0],[0,11.143],[-11.143,0],[0,-11.143]],"c":true}]},{"i":{"x":0.667,"y":1},"o":{"x":0.333,"y":0},"t":75.897,"s":[{"i":[[1.508,-5.966],[5.967,1.508],[-1.508,5.966],[-5.965,-1.508]],"o":[[-1.508,5.966],[-5.965,-1.508],[1.508,-5.966],[5.967,1.508]],"v":[[-17.081,7.161],[-30.615,15.234],[-38.686,1.7],[-25.154,-6.373]],"c":true}]},{"t":148,"s":[{"i":[[0,-6.154],[6.155,0],[0,6.154],[-6.153,0]],"o":[[0,6.154],[-6.153,0],[0,-6.154],[6.155,0]],"v":[[11.143,0],[0,11.143],[-11.143,0],[0,-11.143]],"c":true}]}],"ix":2},"nm":"Path 1","mn":"ADBE Vector Shape - Group","hd":false},{"ty":"fl","c":{"a":0,"k":[0.936999990426,0.936999990426,0.936999990426,1],"ix":4},"o":{"a":0,"k":100,"ix":5},"r":1,"bm":0,"nm":"Fill 1","mn":"ADBE Vector Graphic - Fill","hd":false},{"ty":"tr","p":{"a":0,"k":[690.969,487.604],"ix":2},"a":{"a":0,"k":[0,0],"ix":1},"s":{"a":0,"k":[100,100],"ix":3},"r":{"a":0,"k":0,"ix":6},"o":{"a":0,"k":100,"ix":7},"sk":{"a":0,"k":0,"ix":4},"sa":{"a":0,"k":0,"ix":5},"nm":"Transform"}],"nm":"Group 6","np":2,"cix":2,"bm":0,"ix":6,"mn":"ADBE Vector Group","hd":false},{"ty":"gr","it":[{"ind":0,"ty":"sh","ix":1,"ks":{"a":1,"k":[{"i":{"x":0.667,"y":1},"o":{"x":0.333,"y":0},"t":0,"s":[{"i":[[2,-0.084],[0.822,5.929],[-4.12,19.165],[-11.028,1.729],[-8.643,-55.12],[9.754,-1.529],[0,0],[0.129,1.041],[18.96,-2.972],[3.887,-18.078],[-3.557,-25.647],[-3.051,0.281],[0,0],[0,0],[0,0]],"o":[[-4.119,-0.025],[-3.638,-26.224],[4.361,-20.288],[22.44,-3.518],[0.555,3.904],[0,0],[6.903,-1.082],[-7.918,-50.493],[-8.796,1.38],[-3.998,18.598],[0.37,2.667],[0,0],[0,0],[0,0],[0,0]],"v":[[-29,58.033],[-38.48,50.012],[-37.732,-20.373],[-13.868,-54.515],[41.563,37.507],[30.827,50.66],[30.037,45.619],[36.514,38.24],[-13.078,-49.475],[-32.744,-19.301],[-33.427,49.309],[-28.272,52.903],[-25.905,52.684],[-25.427,55.024],[-25.042,57.371]],"c":true}]},{"i":{"x":0.667,"y":1},"o":{"x":0.333,"y":0},"t":75.897,"s":[{"i":[[1.92,-0.567],[2.236,5.552],[0.652,19.592],[-10.279,4.352],[-21.756,-51.377],[9.092,-3.849],[0,0],[0.378,0.979],[17.672,-7.485],[-0.615,-18.481],[-9.673,-24.018],[-2.892,1.013],[0,0],[0,0],[0,0]],"o":[[-4.002,0.975],[-9.891,-24.558],[-0.691,-20.74],[20.916,-8.856],[1.485,3.653],[0,0],[6.434,-2.724],[-19.93,-47.064],[-8.199,3.473],[0.633,19.012],[1.006,2.498],[0,0],[0,0],[0,0],[0,0]],"v":[[12.135,67.327],[0.993,61.845],[-15.355,-6.619],[-0.486,-45.53],[75.612,30.297],[68.387,45.662],[66.398,40.963],[70.891,32.233],[1.503,-40.832],[-10.256,-6.789],[5.724,59.937],[11.597,62.174],[13.84,61.387],[14.872,63.541],[15.815,65.725]],"c":true}]},{"t":148,"s":[{"i":[[2,-0.084],[0.822,5.929],[-4.12,19.165],[-11.028,1.729],[-8.643,-55.12],[9.754,-1.529],[0,0],[0.129,1.041],[18.96,-2.972],[3.887,-18.078],[-3.557,-25.647],[-3.051,0.281],[0,0],[0,0],[0,0]],"o":[[-4.119,-0.025],[-3.638,-26.224],[4.361,-20.288],[22.44,-3.518],[0.555,3.904],[0,0],[6.903,-1.082],[-7.918,-50.493],[-8.796,1.38],[-3.998,18.598],[0.37,2.667],[0,0],[0,0],[0,0],[0,0]],"v":[[-29,58.033],[-38.48,50.012],[-37.732,-20.373],[-13.868,-54.515],[41.563,37.507],[30.827,50.66],[30.037,45.619],[36.514,38.24],[-13.078,-49.475],[-32.744,-19.301],[-33.427,49.309],[-28.272,52.903],[-25.905,52.684],[-25.427,55.024],[-25.042,57.371]],"c":true}]}],"ix":2},"nm":"Path 1","mn":"ADBE Vector Shape - Group","hd":false},{"ty":"fl","c":{"a":0,"k":[0.054999998504,0.161000001197,0.250999989229,1],"ix":4},"o":{"a":0,"k":100,"ix":5},"r":1,"bm":0,"nm":"Fill 1","mn":"ADBE Vector Graphic - Fill","hd":false},{"ty":"tr","p":{"a":0,"k":[571.365,477.887],"ix":2},"a":{"a":0,"k":[0,0],"ix":1},"s":{"a":0,"k":[100,100],"ix":3},"r":{"a":0,"k":0,"ix":6},"o":{"a":0,"k":100,"ix":7},"sk":{"a":0,"k":0,"ix":4},"sa":{"a":0,"k":0,"ix":5},"nm":"Transform"}],"nm":"Group 7","np":2,"cix":2,"bm":0,"ix":7,"mn":"ADBE Vector Group","hd":false},{"ty":"gr","it":[{"ind":0,"ty":"sh","ix":1,"ks":{"a":1,"k":[{"i":{"x":0.667,"y":1},"o":{"x":0.333,"y":0},"t":0,"s":[{"i":[[0,0],[0,0],[0,0],[-1.667,21.666],[9.97,10.541],[13.833,0.62],[0,-18.058],[0,0],[-70.241,0],[-13.554,-14.33],[1.462,-19.006],[1.008,-5.458]],"o":[[0,0],[0,0],[0.987,-5.338],[1.369,-17.781],[-12.521,-13.24],[-67.077,-3.006],[0,0],[0,-21.704],[19.168,0],[10.845,11.466],[-1.687,21.937],[0,0]],"v":[[64.386,62.739],[59.365,61.819],[59.545,60.847],[67.2,5.46],[52.342,-38.575],[3.202,-57.638],[-68.349,4.086],[-73.749,4.089],[3.095,-62.739],[56.049,-42.081],[72.287,5.851],[64.92,62.739]],"c":true}]},{"i":{"x":0.667,"y":1},"o":{"x":0.333,"y":0},"t":75.897,"s":[{"i":[[0,0],[0,0],[0,0],[-6.926,20.597],[9.97,10.541],[13.833,0.62],[-4.38,-17.519],[0,0],[-70.241,0],[-13.554,-14.33],[6.074,-18.068],[2.315,-5.045]],"o":[[0,0],[0,0],[2.265,-4.933],[5.684,-16.903],[-12.521,-13.24],[-67.077,-3.006],[0,0],[-5.265,-21.056],[19.168,0],[10.845,11.466],[-7.011,20.855],[0,0]],"v":[[37.666,68.121],[33.024,65.999],[33.437,65.101],[54.43,13.278],[52.342,-38.575],[3.202,-57.638],[-54.983,12.093],[-60.221,13.406],[3.095,-62.739],[56.049,-42.081],[59.266,14.903],[38.184,68.252]],"c":true}]},{"t":148,"s":[{"i":[[0,0],[0,0],[0,0],[-1.667,21.666],[9.97,10.541],[13.833,0.62],[0,-18.058],[0,0],[-70.241,0],[-13.554,-14.33],[1.462,-19.006],[1.008,-5.458]],"o":[[0,0],[0,0],[0.987,-5.338],[1.369,-17.781],[-12.521,-13.24],[-67.077,-3.006],[0,0],[0,-21.704],[19.168,0],[10.845,11.466],[-1.687,21.937],[0,0]],"v":[[64.386,62.739],[59.365,61.819],[59.545,60.847],[67.2,5.46],[52.342,-38.575],[3.202,-57.638],[-68.349,4.086],[-73.749,4.089],[3.095,-62.739],[56.049,-42.081],[72.287,5.851],[64.92,62.739]],"c":true}]}],"ix":2},"nm":"Path 1","mn":"ADBE Vector Shape - Group","hd":false},{"ty":"fl","c":{"a":0,"k":[0.054999998504,0.161000001197,0.250999989229,1],"ix":4},"o":{"a":0,"k":100,"ix":5},"r":1,"bm":0,"nm":"Fill 2","mn":"ADBE Vector Graphic - Fill","hd":false},{"ty":"fl","c":{"a":0,"k":[0.054999998504,0.161000001197,0.250999989229,1],"ix":4},"o":{"a":0,"k":100,"ix":5},"r":1,"bm":0,"nm":"Fill 1","mn":"ADBE Vector Graphic - Fill","hd":false},{"ty":"tr","p":{"a":0,"k":[629.824,419.711],"ix":2},"a":{"a":0,"k":[0,0],"ix":1},"s":{"a":0,"k":[100,100],"ix":3},"r":{"a":0,"k":0,"ix":6},"o":{"a":0,"k":100,"ix":7},"sk":{"a":0,"k":0,"ix":4},"sa":{"a":0,"k":0,"ix":5},"nm":"Transform"}],"nm":"Group 8","np":3,"cix":2,"bm":0,"ix":8,"mn":"ADBE Vector Group","hd":false},{"ty":"gr","it":[{"ind":0,"ty":"sh","ix":1,"ks":{"a":1,"k":[{"i":{"x":0.667,"y":1},"o":{"x":0.333,"y":0},"t":0,"s":[{"i":[[-0.369,-2.351],[-2.611,0.41],[0.369,2.35],[2.612,-0.409]],"o":[[0.368,2.351],[2.612,-0.41],[-0.368,-2.351],[-2.612,0.409]],"v":[[-4.729,0.74],[0.667,4.255],[4.729,-0.742],[-0.667,-4.257]],"c":true}]},{"i":{"x":0.667,"y":1},"o":{"x":0.333,"y":0},"t":75.897,"s":[{"i":[[-0.927,-2.192],[-2.434,1.031],[0.927,2.191],[2.435,-1.03]],"o":[[0.927,2.192],[2.435,-1.031],[-0.927,-2.192],[-2.435,1.03]],"v":[[35.761,9.892],[41.848,11.993],[44.577,6.16],[38.489,4.059]],"c":true}]},{"t":148,"s":[{"i":[[-0.369,-2.351],[-2.611,0.41],[0.369,2.35],[2.612,-0.409]],"o":[[0.368,2.351],[2.612,-0.41],[-0.368,-2.351],[-2.612,0.409]],"v":[[-4.729,0.74],[0.667,4.255],[4.729,-0.742],[-0.667,-4.257]],"c":true}]}],"ix":2},"nm":"Path 1","mn":"ADBE Vector Shape - Group","hd":false},{"ty":"fl","c":{"a":0,"k":[0.054999998504,0.161000001197,0.250999989229,1],"ix":4},"o":{"a":0,"k":100,"ix":5},"r":1,"bm":0,"nm":"Fill 1","mn":"ADBE Vector Graphic - Fill","hd":false},{"ty":"tr","p":{"a":0,"k":[547.995,532.63],"ix":2},"a":{"a":0,"k":[0,0],"ix":1},"s":{"a":0,"k":[100,100],"ix":3},"r":{"a":0,"k":0,"ix":6},"o":{"a":0,"k":100,"ix":7},"sk":{"a":0,"k":0,"ix":4},"sa":{"a":0,"k":0,"ix":5},"nm":"Transform"}],"nm":"Group 9","np":2,"cix":2,"bm":0,"ix":9,"mn":"ADBE Vector Group","hd":false},{"ty":"gr","it":[{"ind":0,"ty":"sh","ix":1,"ks":{"a":1,"k":[{"i":{"x":0.667,"y":1},"o":{"x":0.333,"y":0},"t":0,"s":[{"i":[[-0.369,-2.351],[-2.611,0.409],[0.369,2.35],[2.612,-0.409]],"o":[[0.368,2.351],[2.612,-0.411],[-0.368,-2.351],[-2.612,0.41]],"v":[[-4.729,0.742],[0.667,4.257],[4.729,-0.741],[-0.667,-4.256]],"c":true}]},{"i":{"x":0.667,"y":1},"o":{"x":0.333,"y":0},"t":75.897,"s":[{"i":[[-0.927,-2.191],[-2.433,1.032],[0.927,2.191],[2.435,-1.031]],"o":[[0.927,2.191],[2.434,-1.032],[-0.927,-2.191],[-2.435,1.031]],"v":[[32.643,-2.526],[38.731,-0.425],[41.459,-6.259],[35.371,-8.36]],"c":true}]},{"t":148,"s":[{"i":[[-0.369,-2.351],[-2.611,0.409],[0.369,2.35],[2.612,-0.409]],"o":[[0.368,2.351],[2.612,-0.411],[-0.368,-2.351],[-2.612,0.41]],"v":[[-4.729,0.742],[0.667,4.257],[4.729,-0.741],[-0.667,-4.256]],"c":true}]}],"ix":2},"nm":"Path 1","mn":"ADBE Vector Shape - Group","hd":false},{"ty":"fl","c":{"a":0,"k":[0.054999998504,0.161000001197,0.250999989229,1],"ix":4},"o":{"a":0,"k":100,"ix":5},"r":1,"bm":0,"nm":"Fill 1","mn":"ADBE Vector Graphic - Fill","hd":false},{"ty":"tr","p":{"a":0,"k":[599.986,526.177],"ix":2},"a":{"a":0,"k":[0,0],"ix":1},"s":{"a":0,"k":[100,100],"ix":3},"r":{"a":0,"k":0,"ix":6},"o":{"a":0,"k":100,"ix":7},"sk":{"a":0,"k":0,"ix":4},"sa":{"a":0,"k":0,"ix":5},"nm":"Transform"}],"nm":"Group 10","np":2,"cix":2,"bm":0,"ix":10,"mn":"ADBE Vector Group","hd":false},{"ty":"gr","it":[{"ind":0,"ty":"sh","ix":1,"ks":{"a":1,"k":[{"i":{"x":0.667,"y":1},"o":{"x":0.333,"y":0},"t":0,"s":[{"i":[[0,-4.37],[4.37,0],[0,4.37],[-4.37,0]],"o":[[0,4.37],[-4.37,0],[0,-4.37],[4.37,0]],"v":[[7.913,0],[0,7.912],[-7.912,0],[0,-7.912]],"c":true}]},{"i":{"x":0.667,"y":1},"o":{"x":0.333,"y":0},"t":75.897,"s":[{"i":[[1.071,-4.237],[4.237,1.071],[-1.071,4.237],[-4.237,-1.071]],"o":[[-1.071,4.237],[-4.237,-1.071],[1.071,-4.237],[4.237,1.071]],"v":[[-20.212,6.37],[-29.823,12.102],[-35.555,2.492],[-25.945,-3.24]],"c":true}]},{"t":148,"s":[{"i":[[0,-4.37],[4.37,0],[0,4.37],[-4.37,0]],"o":[[0,4.37],[-4.37,0],[0,-4.37],[4.37,0]],"v":[[7.913,0],[0,7.912],[-7.912,0],[0,-7.912]],"c":true}]}],"ix":2},"nm":"Path 1","mn":"ADBE Vector Shape - Group","hd":false},{"ty":"fl","c":{"a":0,"k":[0.054999998504,0.161000001197,0.250999989229,1],"ix":4},"o":{"a":0,"k":100,"ix":5},"r":1,"bm":0,"nm":"Fill 1","mn":"ADBE Vector Graphic - Fill","hd":false},{"ty":"tr","p":{"a":0,"k":[690.969,487.604],"ix":2},"a":{"a":0,"k":[0,0],"ix":1},"s":{"a":0,"k":[100,100],"ix":3},"r":{"a":0,"k":0,"ix":6},"o":{"a":0,"k":100,"ix":7},"sk":{"a":0,"k":0,"ix":4},"sa":{"a":0,"k":0,"ix":5},"nm":"Transform"}],"nm":"Group 11","np":2,"cix":2,"bm":0,"ix":11,"mn":"ADBE Vector Group","hd":false},{"ty":"gr","it":[{"ind":0,"ty":"sh","ix":1,"ks":{"a":1,"k":[{"i":{"x":0.667,"y":1},"o":{"x":0.333,"y":0},"t":0,"s":[{"i":[[0,-6.153],[6.155,0],[0,6.154],[-6.153,0]],"o":[[0,6.154],[-6.153,0],[0,-6.153],[6.155,0]],"v":[[11.143,0],[0,11.143],[-11.143,0],[0,-11.143]],"c":true}]},{"i":{"x":0.667,"y":1},"o":{"x":0.333,"y":0},"t":75.897,"s":[{"i":[[1.508,-5.965],[5.967,1.508],[-1.508,5.966],[-5.965,-1.508]],"o":[[-1.508,5.966],[-5.965,-1.508],[1.508,-5.965],[5.967,1.508]],"v":[[-17.329,7.13],[-30.863,15.203],[-38.935,1.669],[-25.402,-6.404]],"c":true}]},{"t":148,"s":[{"i":[[0,-6.153],[6.155,0],[0,6.154],[-6.153,0]],"o":[[0,6.154],[-6.153,0],[0,-6.153],[6.155,0]],"v":[[11.143,0],[0,11.143],[-11.143,0],[0,-11.143]],"c":true}]}],"ix":2},"nm":"Path 1","mn":"ADBE Vector Shape - Group","hd":false},{"ty":"fl","c":{"a":0,"k":[0.054999998504,0.161000001197,0.250999989229,1],"ix":4},"o":{"a":0,"k":100,"ix":5},"r":1,"bm":0,"nm":"Fill 1","mn":"ADBE Vector Graphic - Fill","hd":false},{"ty":"tr","p":{"a":0,"k":[690.969,488.618],"ix":2},"a":{"a":0,"k":[0,0],"ix":1},"s":{"a":0,"k":[100,100],"ix":3},"r":{"a":0,"k":0,"ix":6},"o":{"a":0,"k":100,"ix":7},"sk":{"a":0,"k":0,"ix":4},"sa":{"a":0,"k":0,"ix":5},"nm":"Transform"}],"nm":"Group 12","np":2,"cix":2,"bm":0,"ix":12,"mn":"ADBE Vector Group","hd":false}],"ip":0,"op":3000,"st":0,"bm":0},{"ddd":0,"ind":7,"ty":4,"nm":"Layer 16 Outlines","parent":10,"sr":1,"ks":{"o":{"a":0,"k":100,"ix":11},"r":{"a":0,"k":0,"ix":10},"p":{"a":0,"k":[647.317,257.107,0],"ix":2},"a":{"a":0,"k":[647.317,257.107,0],"ix":1},"s":{"a":1,"k":[{"i":{"x":[0.667,0.667,0.667],"y":[1,1,1]},"o":{"x":[0.333,0.333,0.333],"y":[0,0,0]},"t":26,"s":[100,100,100]},{"i":{"x":[0.667,0.667,0.667],"y":[1,1,1]},"o":{"x":[0.333,0.333,0.333],"y":[0,0,0]},"t":28,"s":[100,0,100]},{"i":{"x":[0.667,0.667,0.667],"y":[1,1,1]},"o":{"x":[0.167,0.167,0.167],"y":[0,0,0]},"t":30,"s":[100,100,100]},{"i":{"x":[0.667,0.667,0.667],"y":[1,1,1]},"o":{"x":[0.333,0.333,0.333],"y":[0,0,0]},"t":103,"s":[100,100,100]},{"i":{"x":[0.667,0.667,0.667],"y":[1,1,1]},"o":{"x":[0.333,0.333,0.333],"y":[0,0,0]},"t":105,"s":[100,0,100]},{"t":107,"s":[100,100,100]}],"ix":6}},"ao":0,"shapes":[{"ty":"gr","it":[{"ind":0,"ty":"sh","ix":1,"ks":{"a":1,"k":[{"i":{"x":0.833,"y":0.833},"o":{"x":0.167,"y":0.167},"t":26,"s":[{"i":[[0,-1.759],[0.793,0],[0,1.759],[-0.795,0]],"o":[[0,1.759],[-0.795,0],[0,-1.759],[0.793,0]],"v":[[1.438,0],[0,3.185],[-1.439,0],[0,-3.185]],"c":true}]},{"t":174,"s":[{"i":[[0,-1.759],[0.793,0],[0,1.759],[-0.795,0]],"o":[[0,1.759],[-0.795,0],[0,-1.759],[0.793,0]],"v":[[1.438,0],[0,3.185],[-1.439,0],[0,-3.185]],"c":true}]}],"ix":2},"nm":"Path 1","mn":"ADBE Vector Shape - Group","hd":false},{"ty":"fl","c":{"a":0,"k":[0,0,0,1],"ix":4},"o":{"a":0,"k":100,"ix":5},"r":1,"bm":0,"nm":"Fill 1","mn":"ADBE Vector Graphic - Fill","hd":false},{"ty":"tr","p":{"a":0,"k":[670.553,257.576],"ix":2},"a":{"a":0,"k":[0,0],"ix":1},"s":{"a":0,"k":[100,100],"ix":3},"r":{"a":0,"k":0,"ix":6},"o":{"a":0,"k":100,"ix":7},"sk":{"a":0,"k":0,"ix":4},"sa":{"a":0,"k":0,"ix":5},"nm":"Transform"}],"nm":"Group 4","np":2,"cix":2,"bm":0,"ix":1,"mn":"ADBE Vector Group","hd":false},{"ty":"gr","it":[{"ind":0,"ty":"sh","ix":1,"ks":{"a":1,"k":[{"i":{"x":0.833,"y":0.833},"o":{"x":0.167,"y":0.167},"t":26,"s":[{"i":[[0,-1.759],[1.22,0],[0,1.759],[-1.221,0]],"o":[[0,1.759],[-1.221,0],[0,-1.759],[1.22,0]],"v":[[2.21,0],[0,3.185],[-2.21,0],[0,-3.185]],"c":true}]},{"t":174,"s":[{"i":[[0,-1.759],[1.22,0],[0,1.759],[-1.221,0]],"o":[[0,1.759],[-1.221,0],[0,-1.759],[1.22,0]],"v":[[2.21,0],[0,3.185],[-2.21,0],[0,-3.185]],"c":true}]}],"ix":2},"nm":"Path 1","mn":"ADBE Vector Shape - Group","hd":false},{"ty":"fl","c":{"a":0,"k":[0,0,0,1],"ix":4},"o":{"a":0,"k":100,"ix":5},"r":1,"bm":0,"nm":"Fill 1","mn":"ADBE Vector Graphic - Fill","hd":false},{"ty":"tr","p":{"a":0,"k":[643.022,257.576],"ix":2},"a":{"a":0,"k":[0,0],"ix":1},"s":{"a":0,"k":[100,100],"ix":3},"r":{"a":0,"k":0,"ix":6},"o":{"a":0,"k":100,"ix":7},"sk":{"a":0,"k":0,"ix":4},"sa":{"a":0,"k":0,"ix":5},"nm":"Transform"}],"nm":"Group 5","np":2,"cix":2,"bm":0,"ix":2,"mn":"ADBE Vector Group","hd":false},{"ty":"gr","it":[{"ind":0,"ty":"sh","ix":1,"ks":{"a":0,"k":{"i":[[0,0],[0,-8.159]],"o":[[3.833,0],[0,0]],"v":[[-3.47,-7.387],[3.471,7.387]],"c":false},"ix":2},"nm":"Path 1","mn":"ADBE Vector Shape - Group","hd":false},{"ty":"fl","c":{"a":0,"k":[0.936999990426,0.936999990426,0.936999990426,1],"ix":4},"o":{"a":0,"k":100,"ix":5},"r":1,"bm":0,"nm":"Fill 1","mn":"ADBE Vector Graphic - Fill","hd":false},{"ty":"tr","p":{"a":0,"k":[643.988,249.284],"ix":2},"a":{"a":0,"k":[0,0],"ix":1},"s":{"a":0,"k":[100,100],"ix":3},"r":{"a":0,"k":0,"ix":6},"o":{"a":0,"k":100,"ix":7},"sk":{"a":0,"k":0,"ix":4},"sa":{"a":0,"k":0,"ix":5},"nm":"Transform"}],"nm":"Group 1","np":2,"cix":2,"bm":0,"ix":3,"mn":"ADBE Vector Group","hd":false},{"ty":"gr","it":[{"ind":0,"ty":"sh","ix":1,"ks":{"a":0,"k":{"i":[[-0.616,-8.135],[2.887,-0.219],[0.616,8.136],[-2.888,0.219]],"o":[[0.616,8.136],[-2.889,0.219],[-0.617,-8.135],[2.889,-0.219]],"v":[[5.23,-0.397],[1.117,14.73],[-5.229,0.396],[-1.116,-14.73]],"c":true},"ix":2},"nm":"Path 1","mn":"ADBE Vector Shape - Group","hd":false},{"ty":"fl","c":{"a":0,"k":[0.936999990426,0.936999990426,0.936999990426,1],"ix":4},"o":{"a":0,"k":100,"ix":5},"r":1,"bm":0,"nm":"Fill 1","mn":"ADBE Vector Graphic - Fill","hd":false},{"ty":"tr","p":{"a":0,"k":[666.845,256.397],"ix":2},"a":{"a":0,"k":[0,0],"ix":1},"s":{"a":0,"k":[100,100],"ix":3},"r":{"a":0,"k":0,"ix":6},"o":{"a":0,"k":100,"ix":7},"sk":{"a":0,"k":0,"ix":4},"sa":{"a":0,"k":0,"ix":5},"nm":"Transform"}],"nm":"Group 2","np":2,"cix":2,"bm":0,"ix":4,"mn":"ADBE Vector Group","hd":false},{"ty":"gr","it":[{"ind":0,"ty":"sh","ix":1,"ks":{"a":0,"k":{"i":[[0,-8.159],[3.833,0],[0,8.159],[-3.834,0]],"o":[[0,8.159],[-3.834,0],[0,-8.159],[3.833,0]],"v":[[6.942,0],[0,14.773],[-6.942,0],[0,-14.773]],"c":true},"ix":2},"nm":"Path 1","mn":"ADBE Vector Shape - Group","hd":false},{"ty":"fl","c":{"a":0,"k":[0.936999990426,0.936999990426,0.936999990426,1],"ix":4},"o":{"a":0,"k":100,"ix":5},"r":1,"bm":0,"nm":"Fill 1","mn":"ADBE Vector Graphic - Fill","hd":false},{"ty":"tr","p":{"a":0,"k":[640.517,256.67],"ix":2},"a":{"a":0,"k":[0,0],"ix":1},"s":{"a":0,"k":[100,100],"ix":3},"r":{"a":0,"k":0,"ix":6},"o":{"a":0,"k":100,"ix":7},"sk":{"a":0,"k":0,"ix":4},"sa":{"a":0,"k":0,"ix":5},"nm":"Transform"}],"nm":"Group 3","np":2,"cix":2,"bm":0,"ix":5,"mn":"ADBE Vector Group","hd":false}],"ip":0,"op":3000,"st":0,"bm":0},{"ddd":0,"ind":8,"ty":4,"nm":"JAS Outlines","sr":1,"ks":{"o":{"a":0,"k":100,"ix":11},"r":{"a":0,"k":0,"ix":10},"p":{"a":0,"k":[640,549,0],"ix":2},"a":{"a":0,"k":[640,360,0],"ix":1},"s":{"a":0,"k":[156,156,100],"ix":6}},"ao":0,"hasMask":true,"masksProperties":[{"inv":false,"mode":"a","pt":{"a":1,"k":[{"i":{"x":0.667,"y":1},"o":{"x":0.333,"y":0},"t":0,"s":[{"i":[[136.516,-37.329],[-109.946,21.76],[-15.576,-31.959],[7.33,141.097],[47.643,-86.239],[-65.509,-58.513],[131.936,47.643]],"o":[[-102.038,27.901],[109.946,-21.76],[15.576,31.959],[-7.33,-141.097],[-47.643,86.239],[65.509,58.513],[-131.935,-47.643]],"v":[[363.332,506.151],[370.662,232.653],[542.91,279.719],[734.399,214.558],[897.485,267.584],[835.183,468.913],[706.912,599.369]],"c":true}]},{"i":{"x":0.667,"y":1},"o":{"x":0.333,"y":0},"t":41,"s":[{"i":[[137.387,-128.496],[-111.81,22.129],[-15.84,-32.501],[7.454,143.49],[48.451,-87.701],[-66.62,-59.505],[137.038,19.897]],"o":[[-78.569,73.484],[111.81,-22.129],[15.84,32.501],[-7.454,-143.489],[-48.451,87.701],[66.62,59.505],[-142.391,-20.674]],"v":[[375.69,551.957],[447.272,254.192],[546.534,277.189],[741.27,210.923],[844.113,291.023],[847.154,428.778],[749.215,538.156]],"c":true}]},{"i":{"x":0.667,"y":1},"o":{"x":0.333,"y":0},"t":95,"s":[{"i":[[136.947,-82.486],[-110.869,21.943],[-15.707,-32.227],[7.391,142.282],[48.043,-86.963],[-66.06,-59.004],[134.463,33.9]],"o":[[-90.413,50.48],[110.869,-21.943],[15.706,32.227],[-7.391,-142.282],[-48.043,86.963],[66.06,59.005],[-182.738,-14.818]],"v":[[378.428,412.173],[408.609,243.322],[544.705,278.466],[737.803,212.758],[871.049,279.194],[841.113,449.033],[653.507,566.485]],"c":true}]},{"t":148,"s":[{"i":[[136.516,-37.329],[-109.946,21.76],[-15.576,-31.959],[7.33,141.097],[47.643,-86.239],[-65.509,-58.513],[131.936,47.643]],"o":[[-102.038,27.901],[109.946,-21.76],[15.576,31.959],[-7.33,-141.097],[-47.643,86.239],[65.509,58.513],[-131.935,-47.643]],"v":[[363.332,506.151],[370.662,232.653],[542.91,279.719],[734.399,214.558],[897.485,267.584],[835.183,468.913],[706.912,599.369]],"c":true}]}],"ix":1},"o":{"a":0,"k":100,"ix":3},"x":{"a":0,"k":0,"ix":4},"nm":"Mask 1"}],"shapes":[{"ty":"gr","it":[{"ind":0,"ty":"sh","ix":1,"ks":{"a":0,"k":{"i":[[0,0],[0,0]],"o":[[0,0],[0,0]],"v":[[-1.78,-120.712],[1.78,120.712]],"c":false},"ix":2},"nm":"Path 1","mn":"ADBE Vector Shape - Group","hd":false},{"ty":"st","c":{"a":0,"k":[0.2,0.477999997606,0.651000019148,1],"ix":3},"o":{"a":0,"k":100,"ix":4},"w":{"a":0,"k":1.276,"ix":5},"lc":1,"lj":1,"ml":10,"bm":0,"nm":"Stroke 1","mn":"ADBE Vector Graphic - Stroke","hd":false},{"ty":"tr","p":{"a":0,"k":[755.49,618.787],"ix":2},"a":{"a":0,"k":[0,0],"ix":1},"s":{"a":0,"k":[100,100],"ix":3},"r":{"a":0,"k":0,"ix":6},"o":{"a":0,"k":100,"ix":7},"sk":{"a":0,"k":0,"ix":4},"sa":{"a":0,"k":0,"ix":5},"nm":"Transform"}],"nm":"Group 1","np":2,"cix":2,"bm":0,"ix":1,"mn":"ADBE Vector Group","hd":false},{"ty":"gr","it":[{"ind":0,"ty":"sh","ix":1,"ks":{"a":0,"k":{"i":[[0,0],[0,0]],"o":[[0,0],[0,0]],"v":[[1.78,-120.712],[-1.78,120.712]],"c":false},"ix":2},"nm":"Path 1","mn":"ADBE Vector Shape - Group","hd":false},{"ty":"st","c":{"a":0,"k":[0.2,0.477999997606,0.651000019148,1],"ix":3},"o":{"a":0,"k":100,"ix":4},"w":{"a":0,"k":1.276,"ix":5},"lc":1,"lj":1,"ml":10,"bm":0,"nm":"Stroke 1","mn":"ADBE Vector Graphic - Stroke","hd":false},{"ty":"tr","p":{"a":0,"k":[509.519,618.787],"ix":2},"a":{"a":0,"k":[0,0],"ix":1},"s":{"a":0,"k":[100,100],"ix":3},"r":{"a":0,"k":0,"ix":6},"o":{"a":0,"k":100,"ix":7},"sk":{"a":0,"k":0,"ix":4},"sa":{"a":0,"k":0,"ix":5},"nm":"Transform"}],"nm":"Group 2","np":2,"cix":2,"bm":0,"ix":2,"mn":"ADBE Vector Group","hd":false},{"ty":"gr","it":[{"ind":0,"ty":"sh","ix":1,"ks":{"a":0,"k":{"i":[[0,0],[0,0],[1.579,0.976],[0,0],[0,0],[0,0],[0,0]],"o":[[0,0],[-1.313,1.312],[0,0],[0,0],[0,0],[0,0],[0,0]],"v":[[53.679,-20.596],[7.95,25.112],[3.016,25.685],[-53.679,-9.375],[-34.386,-18.902],[4.628,14.723],[41.649,-26.661]],"c":true},"ix":2},"nm":"Path 1","mn":"ADBE Vector Shape - Group","hd":false},{"ty":"fl","c":{"a":0,"k":[0.2,0.477999997606,0.651000019148,1],"ix":4},"o":{"a":0,"k":100,"ix":5},"r":1,"bm":0,"nm":"Fill 1","mn":"ADBE Vector Graphic - Fill","hd":false},{"ty":"tr","p":{"a":0,"k":[616.103,393.423],"ix":2},"a":{"a":0,"k":[0,0],"ix":1},"s":{"a":0,"k":[100,100],"ix":3},"r":{"a":0,"k":0,"ix":6},"o":{"a":0,"k":100,"ix":7},"sk":{"a":0,"k":0,"ix":4},"sa":{"a":0,"k":0,"ix":5},"nm":"Transform"}],"nm":"Group 3","np":2,"cix":2,"bm":0,"ix":3,"mn":"ADBE Vector Group","hd":false},{"ty":"gr","it":[{"ind":0,"ty":"sh","ix":1,"ks":{"a":0,"k":{"i":[[0,-2.502],[2.502,0],[0,2.501],[-2.501,0]],"o":[[0,2.501],[-2.501,0],[0,-2.502],[2.502,0]],"v":[[4.529,0.159],[-0.001,4.688],[-4.53,0.159],[-0.001,-4.371]],"c":true},"ix":2},"nm":"Path 1","mn":"ADBE Vector Shape - Group","hd":false},{"ty":"fl","c":{"a":0,"k":[0.2,0.477999997606,0.651000019148,1],"ix":4},"o":{"a":0,"k":100,"ix":5},"r":1,"bm":0,"nm":"Fill 1","mn":"ADBE Vector Graphic - Fill","hd":false},{"ty":"tr","p":{"a":0,"k":[636.819,715.629],"ix":2},"a":{"a":0,"k":[0,0],"ix":1},"s":{"a":0,"k":[100,100],"ix":3},"r":{"a":0,"k":0,"ix":6},"o":{"a":0,"k":100,"ix":7},"sk":{"a":0,"k":0,"ix":4},"sa":{"a":0,"k":0,"ix":5},"nm":"Transform"}],"nm":"Group 4","np":4,"cix":2,"bm":0,"ix":4,"mn":"ADBE Vector Group","hd":false},{"ty":"gr","it":[{"ind":0,"ty":"sh","ix":1,"ks":{"a":0,"k":{"i":[[0,-2.501],[2.502,0],[0,2.502],[-2.502,0]],"o":[[0,2.502],[-2.502,0],[0,-2.501],[2.502,0]],"v":[[4.529,0],[0,4.529],[-4.53,0],[0,-4.529]],"c":true},"ix":2},"nm":"Path 1","mn":"ADBE Vector Shape - Group","hd":false},{"ty":"fl","c":{"a":0,"k":[0.2,0.477999997606,0.651000019148,1],"ix":4},"o":{"a":0,"k":100,"ix":5},"r":1,"bm":0,"nm":"Fill 1","mn":"ADBE Vector Graphic - Fill","hd":false},{"ty":"tr","p":{"a":0,"k":[636.872,685.129],"ix":2},"a":{"a":0,"k":[0,0],"ix":1},"s":{"a":0,"k":[100,100],"ix":3},"r":{"a":0,"k":0,"ix":6},"o":{"a":0,"k":100,"ix":7},"sk":{"a":0,"k":0,"ix":4},"sa":{"a":0,"k":0,"ix":5},"nm":"Transform"}],"nm":"Group 5","np":2,"cix":2,"bm":0,"ix":5,"mn":"ADBE Vector Group","hd":false},{"ty":"gr","it":[{"ind":0,"ty":"sh","ix":1,"ks":{"a":0,"k":{"i":[[0,-2.501],[2.502,0],[0,2.502],[-2.502,0]],"o":[[0,2.502],[-2.502,0],[0,-2.501],[2.502,0]],"v":[[4.529,0],[0,4.529],[-4.53,0],[0,-4.53]],"c":true},"ix":2},"nm":"Path 1","mn":"ADBE Vector Shape - Group","hd":false},{"ty":"fl","c":{"a":0,"k":[0.2,0.477999997606,0.651000019148,1],"ix":4},"o":{"a":0,"k":100,"ix":5},"r":1,"bm":0,"nm":"Fill 1","mn":"ADBE Vector Graphic - Fill","hd":false},{"ty":"tr","p":{"a":0,"k":[636.872,658.345],"ix":2},"a":{"a":0,"k":[0,0],"ix":1},"s":{"a":0,"k":[100,100],"ix":3},"r":{"a":0,"k":0,"ix":6},"o":{"a":0,"k":100,"ix":7},"sk":{"a":0,"k":0,"ix":4},"sa":{"a":0,"k":0,"ix":5},"nm":"Transform"}],"nm":"Group 6","np":2,"cix":2,"bm":0,"ix":6,"mn":"ADBE Vector Group","hd":false},{"ty":"gr","it":[{"ind":0,"ty":"sh","ix":1,"ks":{"a":0,"k":{"i":[[0,-2.501],[2.502,0],[0,2.502],[-2.501,0]],"o":[[0,2.502],[-2.501,0],[0,-2.501],[2.502,0]],"v":[[4.529,0],[-0.001,4.529],[-4.53,0],[-0.001,-4.529]],"c":true},"ix":2},"nm":"Path 1","mn":"ADBE Vector Shape - Group","hd":false},{"ty":"fl","c":{"a":0,"k":[0.2,0.477999997606,0.651000019148,1],"ix":4},"o":{"a":0,"k":100,"ix":5},"r":1,"bm":0,"nm":"Fill 1","mn":"ADBE Vector Graphic - Fill","hd":false},{"ty":"tr","p":{"a":0,"k":[636.819,633.216],"ix":2},"a":{"a":0,"k":[0,0],"ix":1},"s":{"a":0,"k":[100,100],"ix":3},"r":{"a":0,"k":0,"ix":6},"o":{"a":0,"k":100,"ix":7},"sk":{"a":0,"k":0,"ix":4},"sa":{"a":0,"k":0,"ix":5},"nm":"Transform"}],"nm":"Group 7","np":2,"cix":2,"bm":0,"ix":7,"mn":"ADBE Vector Group","hd":false},{"ty":"gr","it":[{"ind":0,"ty":"sh","ix":1,"ks":{"a":0,"k":{"i":[[0,-2.502],[2.502,0],[0,2.501],[-2.501,0]],"o":[[0,2.501],[-2.501,0],[0,-2.502],[2.502,0]],"v":[[4.53,0],[0,4.529],[-4.529,0],[0,-4.529]],"c":true},"ix":2},"nm":"Path 1","mn":"ADBE Vector Shape - Group","hd":false},{"ty":"fl","c":{"a":0,"k":[0.2,0.477999997606,0.651000019148,1],"ix":4},"o":{"a":0,"k":100,"ix":5},"r":1,"bm":0,"nm":"Fill 1","mn":"ADBE Vector Graphic - Fill","hd":false},{"ty":"tr","p":{"a":0,"k":[636.899,608.087],"ix":2},"a":{"a":0,"k":[0,0],"ix":1},"s":{"a":0,"k":[100,100],"ix":3},"r":{"a":0,"k":0,"ix":6},"o":{"a":0,"k":100,"ix":7},"sk":{"a":0,"k":0,"ix":4},"sa":{"a":0,"k":0,"ix":5},"nm":"Transform"}],"nm":"Group 8","np":2,"cix":2,"bm":0,"ix":8,"mn":"ADBE Vector Group","hd":false},{"ty":"gr","it":[{"ind":0,"ty":"sh","ix":1,"ks":{"a":0,"k":{"i":[[0,-2.502],[2.502,0],[0,2.501],[-2.501,0]],"o":[[0,2.501],[-2.501,0],[0,-2.502],[2.502,0]],"v":[[4.53,0],[0,4.529],[-4.529,0],[0,-4.529]],"c":true},"ix":2},"nm":"Path 1","mn":"ADBE Vector Shape - Group","hd":false},{"ty":"fl","c":{"a":0,"k":[0.2,0.477999997606,0.651000019148,1],"ix":4},"o":{"a":0,"k":100,"ix":5},"r":1,"bm":0,"nm":"Fill 1","mn":"ADBE Vector Graphic - Fill","hd":false},{"ty":"tr","p":{"a":0,"k":[636.899,581.303],"ix":2},"a":{"a":0,"k":[0,0],"ix":1},"s":{"a":0,"k":[100,100],"ix":3},"r":{"a":0,"k":0,"ix":6},"o":{"a":0,"k":100,"ix":7},"sk":{"a":0,"k":0,"ix":4},"sa":{"a":0,"k":0,"ix":5},"nm":"Transform"}],"nm":"Group 9","np":2,"cix":2,"bm":0,"ix":9,"mn":"ADBE Vector Group","hd":false},{"ty":"gr","it":[{"ind":0,"ty":"sh","ix":1,"ks":{"a":0,"k":{"i":[[0,-2.502],[2.501,0],[0,2.501],[-2.502,0]],"o":[[0,2.501],[-2.502,0],[0,-2.502],[2.501,0]],"v":[[4.53,0.001],[0,4.53],[-4.529,0.001],[0,-4.529]],"c":true},"ix":2},"nm":"Path 1","mn":"ADBE Vector Shape - Group","hd":false},{"ty":"fl","c":{"a":0,"k":[0.2,0.477999997606,0.651000019148,1],"ix":4},"o":{"a":0,"k":100,"ix":5},"r":1,"bm":0,"nm":"Fill 1","mn":"ADBE Vector Graphic - Fill","hd":false},{"ty":"tr","p":{"a":0,"k":[636.779,560.047],"ix":2},"a":{"a":0,"k":[0,0],"ix":1},"s":{"a":0,"k":[100,100],"ix":3},"r":{"a":0,"k":0,"ix":6},"o":{"a":0,"k":100,"ix":7},"sk":{"a":0,"k":0,"ix":4},"sa":{"a":0,"k":0,"ix":5},"nm":"Transform"}],"nm":"Group 10","np":2,"cix":2,"bm":0,"ix":10,"mn":"ADBE Vector Group","hd":false},{"ty":"gr","it":[{"ind":0,"ty":"sh","ix":1,"ks":{"a":0,"k":{"i":[[0,-2.501],[2.502,0],[0,2.502],[-2.501,0]],"o":[[0,2.502],[-2.501,0],[0,-2.501],[2.502,0]],"v":[[4.53,-0.001],[0,4.529],[-4.529,-0.001],[0,-4.529]],"c":true},"ix":2},"nm":"Path 1","mn":"ADBE Vector Shape - Group","hd":false},{"ty":"fl","c":{"a":0,"k":[0.2,0.477999997606,0.651000019148,1],"ix":4},"o":{"a":0,"k":100,"ix":5},"r":1,"bm":0,"nm":"Fill 1","mn":"ADBE Vector Graphic - Fill","hd":false},{"ty":"tr","p":{"a":0,"k":[636.832,529.389],"ix":2},"a":{"a":0,"k":[0,0],"ix":1},"s":{"a":0,"k":[100,100],"ix":3},"r":{"a":0,"k":0,"ix":6},"o":{"a":0,"k":100,"ix":7},"sk":{"a":0,"k":0,"ix":4},"sa":{"a":0,"k":0,"ix":5},"nm":"Transform"}],"nm":"Group 11","np":2,"cix":2,"bm":0,"ix":11,"mn":"ADBE Vector Group","hd":false},{"ty":"gr","it":[{"ind":0,"ty":"sh","ix":1,"ks":{"a":0,"k":{"i":[[0,-2.501],[2.502,0],[0,2.502],[-2.501,0]],"o":[[0,2.502],[-2.501,0],[0,-2.501],[2.502,0]],"v":[[4.53,-0.001],[0,4.53],[-4.529,-0.001],[0,-4.53]],"c":true},"ix":2},"nm":"Path 1","mn":"ADBE Vector Shape - Group","hd":false},{"ty":"fl","c":{"a":0,"k":[0.2,0.477999997606,0.651000019148,1],"ix":4},"o":{"a":0,"k":100,"ix":5},"r":1,"bm":0,"nm":"Fill 1","mn":"ADBE Vector Graphic - Fill","hd":false},{"ty":"tr","p":{"a":0,"k":[636.832,502.605],"ix":2},"a":{"a":0,"k":[0,0],"ix":1},"s":{"a":0,"k":[100,100],"ix":3},"r":{"a":0,"k":0,"ix":6},"o":{"a":0,"k":100,"ix":7},"sk":{"a":0,"k":0,"ix":4},"sa":{"a":0,"k":0,"ix":5},"nm":"Transform"}],"nm":"Group 12","np":2,"cix":2,"bm":0,"ix":12,"mn":"ADBE Vector Group","hd":false},{"ty":"gr","it":[{"ind":0,"ty":"sh","ix":1,"ks":{"a":0,"k":{"i":[[0,-2.501],[2.501,0],[0,2.502],[-2.502,0]],"o":[[0,2.502],[-2.502,0],[0,-2.501],[2.501,0]],"v":[[4.53,0],[0,4.529],[-4.529,0],[0,-4.529]],"c":true},"ix":2},"nm":"Path 1","mn":"ADBE Vector Shape - Group","hd":false},{"ty":"fl","c":{"a":0,"k":[0.2,0.477999997606,0.651000019148,1],"ix":4},"o":{"a":0,"k":100,"ix":5},"r":1,"bm":0,"nm":"Fill 1","mn":"ADBE Vector Graphic - Fill","hd":false},{"ty":"tr","p":{"a":0,"k":[636.779,477.476],"ix":2},"a":{"a":0,"k":[0,0],"ix":1},"s":{"a":0,"k":[100,100],"ix":3},"r":{"a":0,"k":0,"ix":6},"o":{"a":0,"k":100,"ix":7},"sk":{"a":0,"k":0,"ix":4},"sa":{"a":0,"k":0,"ix":5},"nm":"Transform"}],"nm":"Group 13","np":2,"cix":2,"bm":0,"ix":13,"mn":"ADBE Vector Group","hd":false},{"ty":"gr","it":[{"ind":0,"ty":"sh","ix":1,"ks":{"a":0,"k":{"i":[[0,-2.502],[2.502,0],[0,2.501],[-2.501,0]],"o":[[0,2.501],[-2.501,0],[0,-2.502],[2.502,0]],"v":[[4.53,0],[0,4.529],[-4.529,0],[0,-4.529]],"c":true},"ix":2},"nm":"Path 1","mn":"ADBE Vector Shape - Group","hd":false},{"ty":"fl","c":{"a":0,"k":[0.2,0.477999997606,0.651000019148,1],"ix":4},"o":{"a":0,"k":100,"ix":5},"r":1,"bm":0,"nm":"Fill 1","mn":"ADBE Vector Graphic - Fill","hd":false},{"ty":"tr","p":{"a":0,"k":[636.859,452.347],"ix":2},"a":{"a":0,"k":[0,0],"ix":1},"s":{"a":0,"k":[100,100],"ix":3},"r":{"a":0,"k":0,"ix":6},"o":{"a":0,"k":100,"ix":7},"sk":{"a":0,"k":0,"ix":4},"sa":{"a":0,"k":0,"ix":5},"nm":"Transform"}],"nm":"Group 14","np":2,"cix":2,"bm":0,"ix":14,"mn":"ADBE Vector Group","hd":false},{"ty":"gr","it":[{"ind":0,"ty":"sh","ix":1,"ks":{"a":0,"k":{"i":[[0,-2.502],[2.502,0],[0,2.501],[-2.501,0]],"o":[[0,2.501],[-2.501,0],[0,-2.502],[2.502,0]],"v":[[4.53,0],[0,4.529],[-4.529,0],[0,-4.529]],"c":true},"ix":2},"nm":"Path 1","mn":"ADBE Vector Shape - Group","hd":false},{"ty":"fl","c":{"a":0,"k":[0.2,0.477999997606,0.651000019148,1],"ix":4},"o":{"a":0,"k":100,"ix":5},"r":1,"bm":0,"nm":"Fill 1","mn":"ADBE Vector Graphic - Fill","hd":false},{"ty":"tr","p":{"a":0,"k":[636.859,425.562],"ix":2},"a":{"a":0,"k":[0,0],"ix":1},"s":{"a":0,"k":[100,100],"ix":3},"r":{"a":0,"k":0,"ix":6},"o":{"a":0,"k":100,"ix":7},"sk":{"a":0,"k":0,"ix":4},"sa":{"a":0,"k":0,"ix":5},"nm":"Transform"}],"nm":"Group 15","np":2,"cix":2,"bm":0,"ix":15,"mn":"ADBE Vector Group","hd":false},{"ty":"gr","it":[{"ind":0,"ty":"sh","ix":1,"ks":{"a":0,"k":{"i":[[0,0],[0,0],[0,0],[0,0]],"o":[[0,0],[0,0],[0,0],[0,0]],"v":[[-6.407,-150.839],[-6.407,170.011],[6.407,167.822],[6.407,-170.011]],"c":true},"ix":2},"nm":"Path 1","mn":"ADBE Vector Shape - Group","hd":false},{"ty":"st","c":{"a":0,"k":[0.2,0.477999997606,0.651000019148,1],"ix":3},"o":{"a":0,"k":100,"ix":4},"w":{"a":0,"k":1.276,"ix":5},"lc":1,"lj":1,"ml":10,"bm":0,"nm":"Stroke 1","mn":"ADBE Vector Graphic - Stroke","hd":false},{"ty":"tr","p":{"a":0,"k":[636.839,560.222],"ix":2},"a":{"a":0,"k":[0,0],"ix":1},"s":{"a":0,"k":[100,100],"ix":3},"r":{"a":0,"k":0,"ix":6},"o":{"a":0,"k":100,"ix":7},"sk":{"a":0,"k":0,"ix":4},"sa":{"a":0,"k":0,"ix":5},"nm":"Transform"}],"nm":"Group 16","np":2,"cix":2,"bm":0,"ix":16,"mn":"ADBE Vector Group","hd":false},{"ty":"gr","it":[{"ind":0,"ty":"sh","ix":1,"ks":{"a":0,"k":{"i":[[0,0],[0,0],[0,0],[1.659,0],[0,0],[0,1.659]],"o":[[0,0],[0,0],[0,1.659],[0,0],[-1.658,0],[0,0]],"v":[[-35.597,-25.63],[35.597,-25.63],[35.597,22.626],[32.594,25.63],[-32.594,25.63],[-35.597,22.626]],"c":true},"ix":2},"nm":"Path 1","mn":"ADBE Vector Shape - Group","hd":false},{"ty":"st","c":{"a":0,"k":[0.2,0.477999997606,0.651000019148,1],"ix":3},"o":{"a":0,"k":100,"ix":4},"w":{"a":0,"k":1.276,"ix":5},"lc":1,"lj":1,"ml":10,"bm":0,"nm":"Stroke 1","mn":"ADBE Vector Graphic - Stroke","hd":false},{"ty":"tr","p":{"a":0,"k":[572.052,541.33],"ix":2},"a":{"a":0,"k":[0,0],"ix":1},"s":{"a":0,"k":[100,100],"ix":3},"r":{"a":0,"k":0,"ix":6},"o":{"a":0,"k":100,"ix":7},"sk":{"a":0,"k":0,"ix":4},"sa":{"a":0,"k":0,"ix":5},"nm":"Transform"}],"nm":"Group 17","np":2,"cix":2,"bm":0,"ix":17,"mn":"ADBE Vector Group","hd":false},{"ty":"gr","it":[{"ind":0,"ty":"sh","ix":1,"ks":{"a":0,"k":{"i":[[0,0],[0,0],[0,0],[-1.411,0],[0,0],[0,-1.411]],"o":[[0,0],[0,0],[0,-1.411],[0,0],[1.412,0],[0,0]],"v":[[35.598,9.492],[-35.597,9.492],[-35.597,-6.938],[-33.042,-9.492],[33.042,-9.492],[35.598,-6.938]],"c":true},"ix":2},"nm":"Path 1","mn":"ADBE Vector Shape - Group","hd":false},{"ty":"st","c":{"a":0,"k":[0.2,0.477999997606,0.651000019148,1],"ix":3},"o":{"a":0,"k":100,"ix":4},"w":{"a":0,"k":1.276,"ix":5},"lc":1,"lj":1,"ml":10,"bm":0,"nm":"Stroke 1","mn":"ADBE Vector Graphic - Stroke","hd":false},{"ty":"fl","c":{"a":0,"k":[0.2,0.477999997606,0.651000019148,1],"ix":4},"o":{"a":0,"k":100,"ix":5},"r":1,"bm":0,"nm":"Fill 1","mn":"ADBE Vector Graphic - Fill","hd":false},{"ty":"tr","p":{"a":0,"k":[572.052,506.207],"ix":2},"a":{"a":0,"k":[0,0],"ix":1},"s":{"a":0,"k":[100,100],"ix":3},"r":{"a":0,"k":0,"ix":6},"o":{"a":0,"k":100,"ix":7},"sk":{"a":0,"k":0,"ix":4},"sa":{"a":0,"k":0,"ix":5},"nm":"Transform"}],"nm":"Group 18","np":3,"cix":2,"bm":0,"ix":18,"mn":"ADBE Vector Group","hd":false},{"ty":"gr","it":[{"ind":0,"ty":"sh","ix":1,"ks":{"a":0,"k":{"i":[[0,0],[0,0],[0,0],[1.923,0],[0,0],[0,1.922]],"o":[[0,0],[0,0],[0,1.922],[0,0],[-1.921,0],[0,0]],"v":[[-35.597,-25.63],[35.597,-25.63],[35.597,22.149],[32.117,25.63],[-32.117,25.63],[-35.597,22.149]],"c":true},"ix":2},"nm":"Path 1","mn":"ADBE Vector Shape - Group","hd":false},{"ty":"st","c":{"a":0,"k":[0.2,0.477999997606,0.651000019148,1],"ix":3},"o":{"a":0,"k":100,"ix":4},"w":{"a":0,"k":1.276,"ix":5},"lc":1,"lj":1,"ml":10,"bm":0,"nm":"Stroke 1","mn":"ADBE Vector Graphic - Stroke","hd":false},{"ty":"tr","p":{"a":0,"k":[693.082,541.33],"ix":2},"a":{"a":0,"k":[0,0],"ix":1},"s":{"a":0,"k":[100,100],"ix":3},"r":{"a":0,"k":0,"ix":6},"o":{"a":0,"k":100,"ix":7},"sk":{"a":0,"k":0,"ix":4},"sa":{"a":0,"k":0,"ix":5},"nm":"Transform"}],"nm":"Group 19","np":2,"cix":2,"bm":0,"ix":19,"mn":"ADBE Vector Group","hd":false},{"ty":"gr","it":[{"ind":0,"ty":"sh","ix":1,"ks":{"a":0,"k":{"i":[[0,0],[0,0],[0,0],[-1.594,0],[0,0],[0,-1.594]],"o":[[0,0],[0,0],[0,-1.594],[0,0],[1.595,0],[0,0]],"v":[[35.597,9.492],[-35.597,9.492],[-35.597,-6.605],[-32.71,-9.492],[32.709,-9.492],[35.597,-6.605]],"c":true},"ix":2},"nm":"Path 1","mn":"ADBE Vector Shape - Group","hd":false},{"ty":"st","c":{"a":0,"k":[0.2,0.477999997606,0.651000019148,1],"ix":3},"o":{"a":0,"k":100,"ix":4},"w":{"a":0,"k":1.276,"ix":5},"lc":1,"lj":1,"ml":10,"bm":0,"nm":"Stroke 1","mn":"ADBE Vector Graphic - Stroke","hd":false},{"ty":"fl","c":{"a":0,"k":[0.2,0.477999997606,0.651000019148,1],"ix":4},"o":{"a":0,"k":100,"ix":5},"r":1,"bm":0,"nm":"Fill 1","mn":"ADBE Vector Graphic - Fill","hd":false},{"ty":"tr","p":{"a":0,"k":[693.083,506.207],"ix":2},"a":{"a":0,"k":[0,0],"ix":1},"s":{"a":0,"k":[100,100],"ix":3},"r":{"a":0,"k":0,"ix":6},"o":{"a":0,"k":100,"ix":7},"sk":{"a":0,"k":0,"ix":4},"sa":{"a":0,"k":0,"ix":5},"nm":"Transform"}],"nm":"Group 20","np":3,"cix":2,"bm":0,"ix":20,"mn":"ADBE Vector Group","hd":false},{"ty":"gr","it":[{"ind":0,"ty":"sh","ix":1,"ks":{"a":0,"k":{"i":[[0,0],[16.137,-6.17],[2.373,-17.561],[0,0],[0,0],[1.899,14.714],[18.036,7.594],[0,0],[0,0]],"o":[[0,0],[-16.138,6.17],[-2.373,17.561],[0,0],[0,0],[-1.899,-14.714],[-18.036,-7.595],[0,0],[0,0]],"v":[[-48.955,-167.014],[-141.44,-134.649],[-175.139,-99.052],[-208.838,196.168],[208.837,190.472],[173.714,-107.595],[137.642,-140.344],[26.575,-175.493],[-9.701,-136.361]],"c":true},"ix":2},"nm":"Path 1","mn":"ADBE Vector Shape - Group","hd":false},{"ty":"fl","c":{"a":0,"k":[0.019999999626,0.779999976065,0.948999980852,1],"ix":4},"o":{"a":0,"k":100,"ix":5},"r":1,"bm":0,"nm":"Fill 1","mn":"ADBE Vector Graphic - Fill","hd":false},{"ty":"tr","p":{"a":0,"k":[630.432,544.507],"ix":2},"a":{"a":0,"k":[0,0],"ix":1},"s":{"a":0,"k":[100,100],"ix":3},"r":{"a":0,"k":0,"ix":6},"o":{"a":0,"k":100,"ix":7},"sk":{"a":0,"k":0,"ix":4},"sa":{"a":0,"k":0,"ix":5},"nm":"Transform"}],"nm":"Group 21","np":4,"cix":2,"bm":0,"ix":21,"mn":"ADBE Vector Group","hd":false}],"ip":0,"op":3000,"st":0,"bm":0},{"ddd":0,"ind":9,"ty":4,"nm":"Layer 11 Outlines","parent":10,"sr":1,"ks":{"o":{"a":0,"k":100,"ix":11},"r":{"a":0,"k":0,"ix":10},"p":{"a":0,"k":[640,360,0],"ix":2},"a":{"a":0,"k":[640,360,0],"ix":1},"s":{"a":0,"k":[100,100,100],"ix":6}},"ao":0,"shapes":[{"ty":"gr","it":[{"ind":0,"ty":"sh","ix":1,"ks":{"a":0,"k":{"i":[[0,0],[-3.298,-9.255]],"o":[[14.239,3.204],[0,0]],"v":[[-15.792,-4.961],[15.792,4.961]],"c":false},"ix":2},"nm":"Path 1","mn":"ADBE Vector Shape - Group","hd":false},{"ty":"st","c":{"a":0,"k":[0.611999990426,0.419999994016,0.187999994615,1],"ix":3},"o":{"a":0,"k":100,"ix":4},"w":{"a":0,"k":1.276,"ix":5},"lc":2,"lj":1,"ml":10,"bm":0,"nm":"Stroke 1","mn":"ADBE Vector Graphic - Stroke","hd":false},{"ty":"tr","p":{"a":0,"k":[638.867,221.807],"ix":2},"a":{"a":0,"k":[0,0],"ix":1},"s":{"a":0,"k":[100,100],"ix":3},"r":{"a":0,"k":0,"ix":6},"o":{"a":0,"k":100,"ix":7},"sk":{"a":0,"k":0,"ix":4},"sa":{"a":0,"k":0,"ix":5},"nm":"Transform"}],"nm":"Group 1","np":2,"cix":2,"bm":0,"ix":1,"mn":"ADBE Vector Group","hd":false}],"ip":0,"op":3000,"st":0,"bm":0},{"ddd":0,"ind":10,"ty":4,"nm":"GEZICHT Outlines","parent":12,"sr":1,"ks":{"o":{"a":0,"k":100,"ix":11},"r":{"a":1,"k":[{"i":{"x":[0.667],"y":[1]},"o":{"x":[0.333],"y":[0]},"t":0,"s":[0]},{"i":{"x":[0.667],"y":[1]},"o":{"x":[0.333],"y":[0]},"t":37.722,"s":[-17]},{"i":{"x":[0.667],"y":[1]},"o":{"x":[0.333],"y":[0]},"t":79.215,"s":[0]},{"i":{"x":[0.667],"y":[1]},"o":{"x":[0.333],"y":[0]},"t":116.937,"s":[-17]},{"t":149,"s":[0]}],"ix":10},"p":{"a":0,"k":[612.588,317.542,0],"ix":2},"a":{"a":0,"k":[612.588,317.542,0],"ix":1},"s":{"a":0,"k":[100,100,100],"ix":6}},"ao":0,"shapes":[{"ty":"gr","it":[{"ind":0,"ty":"sh","ix":1,"ks":{"a":0,"k":{"i":[[5.682,-66.513],[-34.822,-17.837],[-7.831,10.323],[3.11,19.723],[12.682,1.872]],"o":[[-2.511,29.391],[30.58,15.664],[7.831,-10.323],[-3.363,-21.334],[-15.773,-2.328]],"v":[[-48.936,-14.8],[-14.763,60.31],[43.617,70.989],[41.515,1.019],[20.122,-61.757]],"c":true},"ix":2},"nm":"Path 1","mn":"ADBE Vector Shape - Group","hd":false},{"ty":"fl","c":{"a":0,"k":[0.948999980852,0.654999976065,0.294000004787,1],"ix":4},"o":{"a":0,"k":100,"ix":5},"r":1,"bm":0,"nm":"Fill 1","mn":"ADBE Vector Graphic - Fill","hd":false},{"ty":"tr","p":{"a":0,"k":[626.091,257.231],"ix":2},"a":{"a":0,"k":[0,0],"ix":1},"s":{"a":0,"k":[100,100],"ix":3},"r":{"a":0,"k":0,"ix":6},"o":{"a":0,"k":100,"ix":7},"sk":{"a":0,"k":0,"ix":4},"sa":{"a":0,"k":0,"ix":5},"nm":"Transform"}],"nm":"Group 1","np":2,"cix":2,"bm":0,"ix":1,"mn":"ADBE Vector Group","hd":false}],"ip":0,"op":3000,"st":0,"bm":0},{"ddd":0,"ind":11,"ty":4,"nm":"HAAR ACHTER Outlines","parent":10,"sr":1,"ks":{"o":{"a":0,"k":100,"ix":11},"r":{"a":0,"k":0,"ix":10},"p":{"a":0,"k":[640,360,0],"ix":2},"a":{"a":0,"k":[640,360,0],"ix":1},"s":{"a":0,"k":[100,100,100],"ix":6}},"ao":0,"shapes":[{"ty":"gr","it":[{"ind":0,"ty":"sh","ix":1,"ks":{"a":0,"k":{"i":[[0,0],[19.9,-18.741],[42.004,2.491],[-1.173,22.245]],"o":[[26.872,0],[-27.592,25.986],[-42.005,-2.492],[1.174,-22.246]],"v":[[-15.184,-54.286],[32.16,-6.941],[4.751,51.795],[-50.887,-8.545]],"c":true},"ix":2},"nm":"Path 1","mn":"ADBE Vector Shape - Group","hd":false},{"ty":"fl","c":{"a":0,"k":[0.611999990426,0.541000007181,0.2,1],"ix":4},"o":{"a":0,"k":100,"ix":5},"r":1,"bm":0,"nm":"Fill 1","mn":"ADBE Vector Graphic - Fill","hd":false},{"ty":"tr","p":{"a":0,"k":[655.702,238.694],"ix":2},"a":{"a":0,"k":[0,0],"ix":1},"s":{"a":0,"k":[100,100],"ix":3},"r":{"a":0,"k":0,"ix":6},"o":{"a":0,"k":100,"ix":7},"sk":{"a":0,"k":0,"ix":4},"sa":{"a":0,"k":0,"ix":5},"nm":"Transform"}],"nm":"Group 1","np":2,"cix":2,"bm":0,"ix":1,"mn":"ADBE Vector Group","hd":false}],"ip":0,"op":3000,"st":0,"bm":0},{"ddd":0,"ind":12,"ty":4,"nm":"NEK Outlines","sr":1,"ks":{"o":{"a":0,"k":100,"ix":11},"r":{"a":1,"k":[{"i":{"x":[0.667],"y":[1]},"o":{"x":[0.333],"y":[0]},"t":0,"s":[0]},{"i":{"x":[0.667],"y":[1]},"o":{"x":[0.333],"y":[0]},"t":37.722,"s":[14]},{"i":{"x":[0.667],"y":[1]},"o":{"x":[0.333],"y":[0]},"t":79.215,"s":[0]},{"i":{"x":[0.667],"y":[1]},"o":{"x":[0.333],"y":[0]},"t":116.937,"s":[14]},{"t":148,"s":[0]}],"ix":10},"p":{"a":0,"k":[609.58,572.79,0],"ix":2},"a":{"a":0,"k":[620.5,375.25,0],"ix":1},"s":{"a":0,"k":[156,156,100],"ix":6}},"ao":0,"shapes":[{"ty":"gr","it":[{"ind":0,"ty":"sh","ix":1,"ks":{"a":0,"k":{"i":[[0,0],[-18.501,-4.047],[0,0]],"o":[[26.62,28.971],[0.155,-0.691],[0,0]],"v":[[-40.14,-28.094],[28.25,19.12],[21.497,-20.382]],"c":true},"ix":2},"nm":"Path 1","mn":"ADBE Vector Shape - Group","hd":false},{"ty":"fl","c":{"a":0,"k":[0.611999990426,0.419999994016,0.187999994615,1],"ix":4},"o":{"a":0,"k":100,"ix":5},"r":1,"bm":0,"nm":"Fill 1","mn":"ADBE Vector Graphic - Fill","hd":false},{"ty":"tr","p":{"a":0,"k":[623.821,325.821],"ix":2},"a":{"a":0,"k":[0,0],"ix":1},"s":{"a":0,"k":[100,100],"ix":3},"r":{"a":0,"k":0,"ix":6},"o":{"a":0,"k":100,"ix":7},"sk":{"a":0,"k":0,"ix":4},"sa":{"a":0,"k":0,"ix":5},"nm":"Transform"}],"nm":"Group 1","np":2,"cix":2,"bm":0,"ix":1,"mn":"ADBE Vector Group","hd":false},{"ty":"gr","it":[{"ind":0,"ty":"sh","ix":1,"ks":{"a":0,"k":{"i":[[0,0],[0,0],[0,0]],"o":[[-2.872,-17.594],[0,0],[0,0]],"v":[[-12.091,9.255],[-12.091,-8.473],[14.963,-9.255]],"c":false},"ix":2},"nm":"Path 1","mn":"ADBE Vector Shape - Group","hd":false},{"ty":"st","c":{"a":0,"k":[0.948999980852,0.654999976065,0.294000004787,1],"ix":3},"o":{"a":0,"k":100,"ix":4},"w":{"a":0,"k":1.276,"ix":5},"lc":1,"lj":1,"ml":10,"bm":0,"nm":"Stroke 1","mn":"ADBE Vector Graphic - Stroke","hd":false},{"ty":"tr","p":{"a":0,"k":[628.402,305.083],"ix":2},"a":{"a":0,"k":[0,0],"ix":1},"s":{"a":0,"k":[100,100],"ix":3},"r":{"a":0,"k":0,"ix":6},"o":{"a":0,"k":100,"ix":7},"sk":{"a":0,"k":0,"ix":4},"sa":{"a":0,"k":0,"ix":5},"nm":"Transform"}],"nm":"Group 2","np":2,"cix":2,"bm":0,"ix":2,"mn":"ADBE Vector Group","hd":false},{"ty":"gr","it":[{"ind":0,"ty":"sh","ix":1,"ks":{"a":0,"k":{"i":[[0,0],[0,0],[-1.068,-0.712],[0,0]],"o":[[1.068,-0.355],[0,0],[1.067,0.712],[0,0]],"v":[[-42.692,62.829],[-32.013,-59.981],[22.095,-62.117],[42.692,57.607]],"c":true},"ix":2},"nm":"Path 1","mn":"ADBE Vector Shape - Group","hd":false},{"ty":"fl","c":{"a":0,"k":[0.948999980852,0.654999976065,0.294000004787,1],"ix":4},"o":{"a":0,"k":100,"ix":5},"r":1,"bm":0,"nm":"Fill 1","mn":"ADBE Vector Graphic - Fill","hd":false},{"ty":"tr","p":{"a":0,"k":[621.27,357.944],"ix":2},"a":{"a":0,"k":[0,0],"ix":1},"s":{"a":0,"k":[100,100],"ix":3},"r":{"a":0,"k":0,"ix":6},"o":{"a":0,"k":100,"ix":7},"sk":{"a":0,"k":0,"ix":4},"sa":{"a":0,"k":0,"ix":5},"nm":"Transform"}],"nm":"Group 3","np":2,"cix":2,"bm":0,"ix":3,"mn":"ADBE Vector Group","hd":false}],"ip":0,"op":3000,"st":0,"bm":0},{"ddd":0,"ind":13,"ty":4,"nm":"Layer 18 Outlines","sr":1,"ks":{"o":{"a":0,"k":100,"ix":11},"r":{"a":0,"k":0,"ix":10},"p":{"a":0,"k":[640,488,0],"ix":2},"a":{"a":0,"k":[640,360,0],"ix":1},"s":{"a":0,"k":[100,100,100],"ix":6}},"ao":0,"shapes":[{"ty":"gr","it":[{"ind":0,"ty":"sh","ix":1,"ks":{"a":1,"k":[{"i":{"x":0.833,"y":0.833},"o":{"x":0.333,"y":0},"t":0,"s":[{"i":[[111.987,53.396],[29.603,138.069],[-95.912,119.619],[-140.253,-104.656],[49.835,-59.238],[-140.253,-15.218],[88.281,-74.786]],"o":[[-83.309,-39.722],[-21.344,-99.547],[63.363,-79.026],[140.253,104.656],[-49.836,59.238],[140.253,15.219],[-88.281,74.785]],"v":[[-187.842,310.666],[-257.824,19.176],[-345.393,-257.465],[31.225,-290.215],[120.219,-82.474],[262.607,113.901],[353.024,324.874]],"c":true}]},{"i":{"x":0.667,"y":1},"o":{"x":0.167,"y":0.167},"t":79,"s":[{"i":[[111.241,54.898],[29.603,138.069],[-95.912,119.619],[-140.253,-104.656],[49.835,-59.238],[-140.253,-15.218],[88.281,-74.786]],"o":[[-138.877,-69.888],[-21.344,-99.547],[63.363,-79.026],[140.253,104.656],[-49.836,59.238],[140.253,15.219],[-88.281,74.785]],"v":[[-160.038,304.787],[-240.983,31.793],[-368.281,-179.255],[41.285,-243.584],[71.378,-13.647],[218.126,148.924],[294.678,341.822]],"c":true}]},{"t":149,"s":[{"i":[[111.987,53.396],[29.603,138.069],[-95.912,119.619],[-140.253,-104.656],[49.835,-59.238],[-140.253,-15.218],[88.281,-74.786]],"o":[[-83.309,-39.722],[-21.344,-99.547],[63.363,-79.026],[140.253,104.656],[-49.836,59.238],[140.253,15.219],[-88.281,74.785]],"v":[[-187.842,310.666],[-257.824,19.176],[-345.393,-257.465],[31.225,-290.215],[120.219,-82.474],[262.607,113.901],[353.024,324.874]],"c":true}]}],"ix":2},"nm":"Path 1","mn":"ADBE Vector Shape - Group","hd":false},{"ty":"mm","mm":4,"nm":"Merge Paths 1","mn":"ADBE Vector Filter - Merge","hd":false},{"ty":"fl","c":{"a":0,"k":[0.760999971278,1,0.862999949736,1],"ix":4},"o":{"a":0,"k":100,"ix":5},"r":1,"bm":0,"nm":"Fill 1","mn":"ADBE Vector Graphic - Fill","hd":false},{"ty":"tr","p":{"a":0,"k":[691.522,360],"ix":2},"a":{"a":0,"k":[0,0],"ix":1},"s":{"a":0,"k":[100,100],"ix":3},"r":{"a":0,"k":0,"ix":6},"o":{"a":0,"k":100,"ix":7},"sk":{"a":0,"k":0,"ix":4},"sa":{"a":0,"k":0,"ix":5},"nm":"Transform"}],"nm":"Group 1","np":3,"cix":2,"bm":0,"ix":1,"mn":"ADBE Vector Group","hd":false}],"ip":0,"op":3000,"st":0,"bm":0},{"ddd":0,"ind":14,"ty":4,"nm":"Layer 19 Outlines","sr":1,"ks":{"o":{"a":0,"k":100,"ix":11},"r":{"a":0,"k":0,"ix":10},"p":{"a":0,"k":[640,488,0],"ix":2},"a":{"a":0,"k":[640,360,0],"ix":1},"s":{"a":0,"k":[100,100,100],"ix":6}},"ao":0,"shapes":[{"ty":"gr","it":[{"ind":0,"ty":"sh","ix":1,"ks":{"a":1,"k":[{"i":{"x":0.667,"y":1},"o":{"x":0.333,"y":0},"t":0,"s":[{"i":[[212.159,-58.013],[-170.867,33.817],[-24.206,-49.668],[11.391,219.279],[74.042,-134.024],[-101.808,-90.936],[205.041,74.042]],"o":[[-158.577,43.361],[170.867,-33.817],[24.206,49.667],[-11.391,-219.278],[-74.042,134.024],[101.808,90.935],[-205.04,-74.042]],"v":[[-372.346,291.81],[-360.955,-133.231],[-93.264,-60.087],[204.328,-161.353],[457.78,-78.945],[360.956,233.938],[161.612,436.68]],"c":true}]},{"i":{"x":0.667,"y":1},"o":{"x":0.333,"y":0},"t":69,"s":[{"i":[[212.159,-58.013],[-170.867,33.817],[-24.206,-49.668],[11.391,219.279],[74.042,-134.024],[-101.808,-90.936],[205.041,74.042]],"o":[[-158.577,43.361],[170.867,-33.817],[24.206,49.667],[-11.391,-219.278],[-74.042,134.024],[101.808,90.935],[-205.04,-74.042]],"v":[[-354.346,359.81],[-244.955,-95.231],[-93.264,-60.087],[204.329,-161.353],[539.78,-38.945],[422.956,249.938],[161.612,436.68]],"c":true}]},{"t":149,"s":[{"i":[[212.159,-58.013],[-170.867,33.817],[-24.206,-49.668],[11.391,219.279],[74.042,-134.024],[-101.808,-90.936],[205.041,74.042]],"o":[[-158.577,43.361],[170.867,-33.817],[24.206,49.667],[-11.391,-219.278],[-74.042,134.024],[101.808,90.935],[-205.04,-74.042]],"v":[[-372.346,291.81],[-360.955,-133.231],[-93.264,-60.087],[204.328,-161.353],[457.78,-78.945],[360.956,233.938],[161.612,436.68]],"c":true}]}],"ix":2},"nm":"Path 1","mn":"ADBE Vector Shape - Group","hd":false},{"ty":"mm","mm":4,"nm":"Merge Paths 1","mn":"ADBE Vector Filter - Merge","hd":false},{"ty":"fl","c":{"a":0,"k":[0.458999992819,1,0.689999988032,1],"ix":4},"o":{"a":0,"k":100,"ix":5},"r":1,"bm":0,"nm":"Fill 1","mn":"ADBE Vector Graphic - Fill","hd":false},{"ty":"tr","p":{"a":0,"k":[581.782,360],"ix":2},"a":{"a":0,"k":[0,0],"ix":1},"s":{"a":0,"k":[100,100],"ix":3},"r":{"a":0,"k":0,"ix":6},"o":{"a":0,"k":100,"ix":7},"sk":{"a":0,"k":0,"ix":4},"sa":{"a":0,"k":0,"ix":5},"nm":"Transform"}],"nm":"Group 1","np":3,"cix":2,"bm":0,"ix":1,"mn":"ADBE Vector Group","hd":false},{"ty":"gr","it":[{"ind":0,"ty":"sh","ix":1,"ks":{"a":1,"k":[{"i":{"x":0.667,"y":1},"o":{"x":0.333,"y":0},"t":0,"s":[{"i":[[22.966,118.015],[-123.786,-67.529],[-25.485,-213.71],[-113.722,-186.11],[33.105,21.739],[45.386,51.048]],"o":[[-21.777,-104.039],[115.682,62.377],[19.978,167.52],[100.091,163.621],[-33.106,-21.739],[-164.137,-36.629]],"v":[[-443.162,-152.563],[23.576,-267.175],[349.591,-145.364],[432.198,177.89],[115.727,323.39],[-449.533,172.631]],"c":true}]},{"i":{"x":0.667,"y":1},"o":{"x":0.333,"y":0},"t":73,"s":[{"i":[[-72.318,155.35],[-123.786,-67.529],[-144.592,-159.42],[-227.679,-109.103],[89.549,14.986],[202.053,30.156]],"o":[[79.682,-170.65],[115.682,62.377],[128.929,142.151],[172.973,82.888],[-99.208,-16.602],[-164.137,-36.629]],"v":[[-487.162,-228.563],[-38.424,-149.175],[301.591,-189.364],[460.198,63.89],[135.727,345.389],[-415.533,420.631]],"c":true}]},{"t":149,"s":[{"i":[[22.966,118.015],[-123.786,-67.529],[-25.485,-213.71],[-113.722,-186.11],[33.105,21.739],[45.386,51.048]],"o":[[-21.777,-104.039],[115.682,62.377],[19.978,167.52],[100.091,163.621],[-33.106,-21.739],[-164.137,-36.629]],"v":[[-443.162,-152.563],[23.576,-267.175],[349.591,-145.364],[432.198,177.89],[115.727,323.39],[-449.533,172.631]],"c":true}]}],"ix":2},"nm":"Path 1","mn":"ADBE Vector Shape - Group","hd":false},{"ty":"mm","mm":4,"nm":"Merge Paths 1","mn":"ADBE Vector Filter - Merge","hd":false},{"ty":"fl","c":{"a":0,"k":[0.607999973671,0.8,0.689999988032,1],"ix":4},"o":{"a":0,"k":100,"ix":5},"r":1,"bm":0,"nm":"Fill 1","mn":"ADBE Vector Graphic - Fill","hd":false},{"ty":"tr","p":{"a":0,"k":[659.48,325.213],"ix":2},"a":{"a":0,"k":[0,0],"ix":1},"s":{"a":0,"k":[100,100],"ix":3},"r":{"a":0,"k":0,"ix":6},"o":{"a":0,"k":100,"ix":7},"sk":{"a":0,"k":0,"ix":4},"sa":{"a":0,"k":0,"ix":5},"nm":"Transform"}],"nm":"Group 2","np":3,"cix":2,"bm":0,"ix":2,"mn":"ADBE Vector Group","hd":false}],"ip":0,"op":3000,"st":0,"bm":0}],"markers":[]}