{"v":"5.4.1","fr":29.9700012207031,"ip":0,"op":57.0000023216576,"w":203,"h":109,"nm":"Pre-comp 2","ddd":0,"assets":[{"id":"comp_0","layers":[{"ddd":0,"ind":1,"ty":0,"nm":"Pre-comp 1","refId":"comp_1","sr":1,"ks":{"o":{"a":0,"k":100,"ix":11},"r":{"a":0,"k":0,"ix":10},"p":{"a":0,"k":[231.25,243,0],"ix":2},"a":{"a":0,"k":[100.25,243,0],"ix":1},"s":{"a":0,"k":[100,100,100],"ix":6}},"ao":0,"hasMask":true,"masksProperties":[{"inv":false,"mode":"a","pt":{"a":0,"k":{"i":[[0,0],[0,0],[0,0],[0,0]],"o":[[0,0],[0,0],[0,0],[0,0]],"v":[[130.5,161.5],[70,161.5],[70,324.5],[130.5,324.5]],"c":true},"ix":1},"o":{"a":0,"k":100,"ix":3},"x":{"a":0,"k":0,"ix":4},"nm":"Mask 1"}],"w":500,"h":500,"ip":51.0000020772726,"op":219.000008920053,"st":51.0000020772726,"bm":0},{"ddd":0,"ind":2,"ty":0,"nm":"Pre-comp 1","refId":"comp_1","sr":1,"ks":{"o":{"a":0,"k":100,"ix":11},"r":{"a":0,"k":0,"ix":10},"p":{"a":0,"k":[195.25,243,0],"ix":2},"a":{"a":0,"k":[100.25,243,0],"ix":1},"s":{"a":0,"k":[100,100,100],"ix":6}},"ao":0,"hasMask":true,"masksProperties":[{"inv":false,"mode":"a","pt":{"a":0,"k":{"i":[[0,0],[0,0],[0,0],[0,0]],"o":[[0,0],[0,0],[0,0],[0,0]],"v":[[130.5,161.5],[70,161.5],[70,324.5],[130.5,324.5]],"c":true},"ix":1},"o":{"a":0,"k":100,"ix":3},"x":{"a":0,"k":0,"ix":4},"nm":"Mask 1"}],"w":500,"h":500,"ip":38.0000015477717,"op":206.000008390552,"st":38.0000015477717,"bm":0},{"ddd":0,"ind":3,"ty":0,"nm":"Pre-comp 1","refId":"comp_1","sr":1,"ks":{"o":{"a":0,"k":100,"ix":11},"r":{"a":0,"k":0,"ix":10},"p":{"a":0,"k":[157.25,243,0],"ix":2},"a":{"a":0,"k":[100.25,243,0],"ix":1},"s":{"a":0,"k":[100,100,100],"ix":6}},"ao":0,"hasMask":true,"masksProperties":[{"inv":false,"mode":"a","pt":{"a":0,"k":{"i":[[0,0],[0,0],[0,0],[0,0]],"o":[[0,0],[0,0],[0,0],[0,0]],"v":[[130.5,161.5],[70,161.5],[70,324.5],[130.5,324.5]],"c":true},"ix":1},"o":{"a":0,"k":100,"ix":3},"x":{"a":0,"k":0,"ix":4},"nm":"Mask 1"}],"w":500,"h":500,"ip":25.0000010182709,"op":193.000007861051,"st":25.0000010182709,"bm":0},{"ddd":0,"ind":4,"ty":0,"nm":"Pre-comp 1","refId":"comp_1","sr":1,"ks":{"o":{"a":0,"k":100,"ix":11},"r":{"a":0,"k":0,"ix":10},"p":{"a":0,"k":[119.25,243,0],"ix":2},"a":{"a":0,"k":[100.25,243,0],"ix":1},"s":{"a":0,"k":[100,100,100],"ix":6}},"ao":0,"hasMask":true,"masksProperties":[{"inv":false,"mode":"a","pt":{"a":0,"k":{"i":[[0,0],[0,0],[0,0],[0,0]],"o":[[0,0],[0,0],[0,0],[0,0]],"v":[[130.5,161.5],[70,161.5],[70,324.5],[130.5,324.5]],"c":true},"ix":1},"o":{"a":0,"k":100,"ix":3},"x":{"a":0,"k":0,"ix":4},"nm":"Mask 1"}],"w":500,"h":500,"ip":12.00000048877,"op":180.00000733155,"st":12.00000048877,"bm":0},{"ddd":0,"ind":5,"ty":0,"nm":"Pre-comp 1","refId":"comp_1","sr":1,"ks":{"o":{"a":0,"k":100,"ix":11},"r":{"a":0,"k":0,"ix":10},"p":{"a":0,"k":[100.25,243,0],"ix":2},"a":{"a":0,"k":[100.25,243,0],"ix":1},"s":{"a":0,"k":[100,100,100],"ix":6}},"ao":0,"hasMask":true,"masksProperties":[{"inv":false,"mode":"a","pt":{"a":0,"k":{"i":[[0,0],[0,0],[0,0],[0,0]],"o":[[0,0],[0,0],[0,0],[0,0]],"v":[[130.5,161.5],[70,161.5],[70,324.5],[130.5,324.5]],"c":true},"ix":1},"o":{"a":0,"k":100,"ix":3},"x":{"a":0,"k":0,"ix":4},"nm":"Mask 1"}],"w":500,"h":500,"ip":0,"op":168.00000684278,"st":0,"bm":0}]},{"id":"comp_1","layers":[{"ddd":0,"ind":1,"ty":4,"nm":"Shape Layer 3","sr":1,"ks":{"o":{"a":1,"k":[{"i":{"x":[0.833],"y":[0.833]},"o":{"x":[0.167],"y":[0.167]},"n":["0p833_0p833_0p167_0p167"],"t":146,"s":[100],"e":[22]},{"i":{"x":[0.833],"y":[0.833]},"o":{"x":[0.167],"y":[0.167]},"n":["0p833_0p833_0p167_0p167"],"t":153,"s":[22],"e":[100]},{"t":159.000006476203}],"ix":11},"r":{"a":0,"k":0,"ix":10},"p":{"a":1,"k":[{"i":{"x":0.762,"y":1},"o":{"x":0.179,"y":0},"n":"0p762_1_0p179_0","t":112,"s":[106,212,0],"e":[106,292,0],"to":[0,0,0],"ti":[0,0,0]},{"i":{"x":0.795,"y":0.987},"o":{"x":0.167,"y":0},"n":"0p795_0p987_0p167_0","t":141,"s":[106,292,0],"e":[106,212,0],"to":[0,0,0],"ti":[0,0,0]},{"t":167.000006802049}],"ix":2},"a":{"a":0,"k":[-144,-8,0],"ix":1},"s":{"a":1,"k":[{"i":{"x":[0.481,0.481,0.667],"y":[1,1,1]},"o":{"x":[0.021,0.021,0.333],"y":[0,0,0]},"n":["0p481_1_0p021_0","0p481_1_0p021_0","0p667_1_0p333_0"],"t":112,"s":[30,30,100],"e":[73.121,73.121,100]},{"i":{"x":[0.695,0.695,0.667],"y":[0.614,0.614,1]},"o":{"x":[0.453,0.453,0.333],"y":[0,0,0]},"n":["0p695_0p614_0p453_0","0p695_0p614_0p453_0","0p667_1_0p333_0"],"t":126,"s":[73.121,73.121,100],"e":[30,30,100]},{"i":{"x":[0.578,0.578,0.578],"y":[1,1,-18.949]},"o":{"x":[0.278,0.278,0.333],"y":[0.472,0.472,0]},"n":["0p578_1_0p278_0p472","0p578_1_0p278_0p472","0p578_-18p949_0p333_0"],"t":141,"s":[30,30,100],"e":[0,0,100]},{"i":{"x":[0.975,0.975,0.703],"y":[1,1,1]},"o":{"x":[0.344,0.344,0.344],"y":[0,0,13.959]},"n":["0p975_1_0p344_0","0p975_1_0p344_0","0p703_1_0p344_13p959"],"t":155,"s":[0,0,100],"e":[30,30,100]},{"t":167.000006802049}],"ix":6}},"ao":0,"shapes":[{"ty":"gr","it":[{"d":1,"ty":"el","s":{"a":0,"k":[26,26],"ix":2},"p":{"a":0,"k":[0,0],"ix":3},"nm":"Ellipse Path 1","mn":"ADBE Vector Shape - Ellipse","hd":false},{"ty":"st","c":{"a":0,"k":[1,0.266666636747,0.456470654058,1],"ix":3},"o":{"a":0,"k":0,"ix":4},"w":{"a":0,"k":2,"ix":5},"lc":1,"lj":1,"ml":4,"ml2":{"a":0,"k":4,"ix":8},"nm":"Stroke 1","mn":"ADBE Vector Graphic - Stroke","hd":false},{"ty":"fl","c":{"a":0,"k":[1,0,0.282353001015,1],"ix":4},"o":{"a":0,"k":100,"ix":5},"r":1,"nm":"Fill 1","mn":"ADBE Vector Graphic - Fill","hd":false},{"ty":"tr","p":{"a":0,"k":[-144,-8],"ix":2},"a":{"a":0,"k":[0,0],"ix":1},"s":{"a":0,"k":[100,100],"ix":3},"r":{"a":0,"k":0,"ix":6},"o":{"a":0,"k":100,"ix":7},"sk":{"a":0,"k":0,"ix":4},"sa":{"a":0,"k":0,"ix":5},"nm":"Transform"}],"nm":"Ellipse 1","np":3,"cix":2,"ix":1,"mn":"ADBE Vector Group","hd":false}],"ip":112.000004561854,"op":168.00000684278,"st":112.000004561854,"bm":0},{"ddd":0,"ind":2,"ty":4,"nm":"Shape Layer 2","sr":1,"ks":{"o":{"a":1,"k":[{"i":{"x":[0.833],"y":[0.833]},"o":{"x":[0.167],"y":[0.167]},"n":["0p833_0p833_0p167_0p167"],"t":90,"s":[100],"e":[22]},{"i":{"x":[0.833],"y":[0.833]},"o":{"x":[0.167],"y":[0.167]},"n":["0p833_0p833_0p167_0p167"],"t":97,"s":[22],"e":[100]},{"t":103.000004195276}],"ix":11},"r":{"a":0,"k":0,"ix":10},"p":{"a":1,"k":[{"i":{"x":0.762,"y":1},"o":{"x":0.179,"y":0},"n":"0p762_1_0p179_0","t":56,"s":[106,212,0],"e":[106,292,0],"to":[0,0,0],"ti":[0,0,0]},{"i":{"x":0.795,"y":0.987},"o":{"x":0.167,"y":0},"n":"0p795_0p987_0p167_0","t":85,"s":[106,292,0],"e":[106,212,0],"to":[0,0,0],"ti":[0,0,0]},{"t":111.000004521123}],"ix":2},"a":{"a":0,"k":[-144,-8,0],"ix":1},"s":{"a":1,"k":[{"i":{"x":[0.481,0.481,0.667],"y":[1,1,1]},"o":{"x":[0.021,0.021,0.333],"y":[0,0,0]},"n":["0p481_1_0p021_0","0p481_1_0p021_0","0p667_1_0p333_0"],"t":56,"s":[30,30,100],"e":[73.121,73.121,100]},{"i":{"x":[0.695,0.695,0.667],"y":[0.614,0.614,1]},"o":{"x":[0.453,0.453,0.333],"y":[0,0,0]},"n":["0p695_0p614_0p453_0","0p695_0p614_0p453_0","0p667_1_0p333_0"],"t":70,"s":[73.121,73.121,100],"e":[30,30,100]},{"i":{"x":[0.578,0.578,0.578],"y":[1,1,-18.949]},"o":{"x":[0.278,0.278,0.333],"y":[0.472,0.472,0]},"n":["0p578_1_0p278_0p472","0p578_1_0p278_0p472","0p578_-18p949_0p333_0"],"t":85,"s":[30,30,100],"e":[0,0,100]},{"i":{"x":[0.975,0.975,0.703],"y":[1,1,1]},"o":{"x":[0.344,0.344,0.344],"y":[0,0,13.959]},"n":["0p975_1_0p344_0","0p975_1_0p344_0","0p703_1_0p344_13p959"],"t":99,"s":[0,0,100],"e":[30,30,100]},{"t":111.000004521123}],"ix":6}},"ao":0,"shapes":[{"ty":"gr","it":[{"d":1,"ty":"el","s":{"a":0,"k":[26,26],"ix":2},"p":{"a":0,"k":[0,0],"ix":3},"nm":"Ellipse Path 1","mn":"ADBE Vector Shape - Ellipse","hd":false},{"ty":"st","c":{"a":0,"k":[1,0.266666636747,0.456470654058,1],"ix":3},"o":{"a":0,"k":0,"ix":4},"w":{"a":0,"k":2,"ix":5},"lc":1,"lj":1,"ml":4,"ml2":{"a":0,"k":4,"ix":8},"nm":"Stroke 1","mn":"ADBE Vector Graphic - Stroke","hd":false},{"ty":"fl","c":{"a":0,"k":[1,0,0.282353001015,1],"ix":4},"o":{"a":0,"k":100,"ix":5},"r":1,"nm":"Fill 1","mn":"ADBE Vector Graphic - Fill","hd":false},{"ty":"tr","p":{"a":0,"k":[-144,-8],"ix":2},"a":{"a":0,"k":[0,0],"ix":1},"s":{"a":0,"k":[100,100],"ix":3},"r":{"a":0,"k":0,"ix":6},"o":{"a":0,"k":100,"ix":7},"sk":{"a":0,"k":0,"ix":4},"sa":{"a":0,"k":0,"ix":5},"nm":"Transform"}],"nm":"Ellipse 1","np":3,"cix":2,"ix":1,"mn":"ADBE Vector Group","hd":false}],"ip":56.0000022809268,"op":112.000004561854,"st":56.0000022809268,"bm":0},{"ddd":0,"ind":3,"ty":4,"nm":"Shape Layer 1","sr":1,"ks":{"o":{"a":1,"k":[{"i":{"x":[0.833],"y":[0.833]},"o":{"x":[0.167],"y":[0.167]},"n":["0p833_0p833_0p167_0p167"],"t":34,"s":[100],"e":[22]},{"i":{"x":[0.833],"y":[0.833]},"o":{"x":[0.167],"y":[0.167]},"n":["0p833_0p833_0p167_0p167"],"t":41,"s":[22],"e":[100]},{"t":47.0000019143492}],"ix":11},"r":{"a":0,"k":0,"ix":10},"p":{"a":1,"k":[{"i":{"x":0.762,"y":1},"o":{"x":0.179,"y":0},"n":"0p762_1_0p179_0","t":0,"s":[106,212,0],"e":[106,292,0],"to":[0,0,0],"ti":[0,0,0]},{"i":{"x":0.795,"y":0.987},"o":{"x":0.167,"y":0},"n":"0p795_0p987_0p167_0","t":29,"s":[106,292,0],"e":[106,212,0],"to":[0,0,0],"ti":[0,0,0]},{"t":55.0000022401959}],"ix":2},"a":{"a":0,"k":[-144,-8,0],"ix":1},"s":{"a":1,"k":[{"i":{"x":[0.481,0.481,0.667],"y":[1,1,1]},"o":{"x":[0.021,0.021,0.333],"y":[0,0,0]},"n":["0p481_1_0p021_0","0p481_1_0p021_0","0p667_1_0p333_0"],"t":0,"s":[30,30,100],"e":[73.121,73.121,100]},{"i":{"x":[0.695,0.695,0.667],"y":[0.614,0.614,1]},"o":{"x":[0.453,0.453,0.333],"y":[0,0,0]},"n":["0p695_0p614_0p453_0","0p695_0p614_0p453_0","0p667_1_0p333_0"],"t":14,"s":[73.121,73.121,100],"e":[30,30,100]},{"i":{"x":[0.578,0.578,0.578],"y":[1,1,-18.949]},"o":{"x":[0.278,0.278,0.333],"y":[0.472,0.472,0]},"n":["0p578_1_0p278_0p472","0p578_1_0p278_0p472","0p578_-18p949_0p333_0"],"t":29,"s":[30,30,100],"e":[0,0,100]},{"i":{"x":[0.975,0.975,0.703],"y":[1,1,1]},"o":{"x":[0.344,0.344,0.344],"y":[0,0,13.959]},"n":["0p975_1_0p344_0","0p975_1_0p344_0","0p703_1_0p344_13p959"],"t":43,"s":[0,0,100],"e":[30,30,100]},{"t":55.0000022401959}],"ix":6}},"ao":0,"shapes":[{"ty":"gr","it":[{"d":1,"ty":"el","s":{"a":0,"k":[26,26],"ix":2},"p":{"a":0,"k":[0,0],"ix":3},"nm":"Ellipse Path 1","mn":"ADBE Vector Shape - Ellipse","hd":false},{"ty":"st","c":{"a":0,"k":[1,0.266666636747,0.456470654058,1],"ix":3},"o":{"a":0,"k":0,"ix":4},"w":{"a":0,"k":2,"ix":5},"lc":1,"lj":1,"ml":4,"ml2":{"a":0,"k":4,"ix":8},"nm":"Stroke 1","mn":"ADBE Vector Graphic - Stroke","hd":false},{"ty":"fl","c":{"a":0,"k":[1,0,0.282353001015,1],"ix":4},"o":{"a":0,"k":100,"ix":5},"r":1,"nm":"Fill 1","mn":"ADBE Vector Graphic - Fill","hd":false},{"ty":"tr","p":{"a":0,"k":[-144,-8],"ix":2},"a":{"a":0,"k":[0,0],"ix":1},"s":{"a":0,"k":[100,100],"ix":3},"r":{"a":0,"k":0,"ix":6},"o":{"a":0,"k":100,"ix":7},"sk":{"a":0,"k":0,"ix":4},"sa":{"a":0,"k":0,"ix":5},"nm":"Transform"}],"nm":"Ellipse 1","np":3,"cix":2,"ix":1,"mn":"ADBE Vector Group","hd":false}],"ip":0,"op":56.0000022809268,"st":0,"bm":0}]}],"layers":[{"ddd":0,"ind":1,"ty":0,"nm":"Pre-comp 3","refId":"comp_0","sr":1,"ks":{"o":{"a":0,"k":31,"ix":11},"r":{"a":0,"k":0,"ix":10},"p":{"a":0,"k":[203,49,0],"ix":2},"a":{"a":0,"k":[250,250,0],"ix":1},"s":{"a":0,"k":[100,-100,100],"ix":6}},"ao":0,"w":500,"h":500,"ip":0,"op":194.000007901782,"st":-25.0000010182709,"bm":0},{"ddd":0,"ind":2,"ty":0,"nm":"Pre-comp 3","refId":"comp_0","sr":1,"ks":{"o":{"a":0,"k":100,"ix":11},"r":{"a":0,"k":0,"ix":10},"p":{"a":0,"k":[157,58,0],"ix":2},"a":{"a":0,"k":[250,250,0],"ix":1},"s":{"a":0,"k":[100,100,100],"ix":6}},"ao":0,"w":500,"h":500,"ip":0,"op":194.000007901782,"st":-25.0000010182709,"bm":0}],"markers":[]}